{"type": "FeatureCollection", "features": [{"type": "Feature", "properties": {"GEOID": "47157000100", "name": "Census Tract 1"}, "geometry": {"type": "Polygon", "coordinates": [[[-90.064414, 35.178953], [-90.064637, 35.165201], [-90.063922, 35.154679], [-90.064608, 35.153131], [-90.058848, 35.153148], [-90.054986, 35.153106], [-90.053228, 35.157694], [-90.050048, 35.160418], [-90.049359, 35.162618], [-90.049055, 35.166133], [-90.046691, 35.17099], [-90.046721, 35.172289], [-90.047151, 35.175245], [-90.046484, 35.177414], [-90.044397, 35.177255], [-90.043217, 35.170642], [-90.038746, 35.170506], [-90.038894, 35.171149], [-90.036083, 35.171054], [-90.035172, 35.189713], [-90.036695, 35.189827], [-90.037352, 35.189658], [-90.039599, 35.190952], [-90.041216, 35.19095], [-90.042193, 35.190664], [-90.046229, 35.18833], [-90.048197, 35.187441], [-90.0512, 35.185443], [-90.052246, 35.185055], [-90.055451, 35.183356], [-90.057479, 35.182919], [-90.057485, 35.183141], [-90.062979, 35.17999], [-90.064414, 35.178953]]]}}, {"type": "Feature", "properties": {"GEOID": "47157000200", "name": "Census Tract 2"}, "geometry": {"type": "Polygon", "coordinates": [[[-90.049295, 35.16382], [-90.04839, 35.163889], [-90.044374, 35.162777], [-90.043867, 35.163699], [-90.038043, 35.163261], [-90.036741, 35.163723], [-90.036105, 35.170409], [-90.036083, 35.171054], [-90.038894, 35.171149], [-90.038746, 35.170506], [-90.043217, 35.170642], [-90.044397, 35.177255], [-90.046484, 35.177414], [-90.047151, 35.175245], [-90.046691, 35.17099], [-90.049055, 35.166133], [-90.049295, 35.16382]]]}}, {"type": "Feature", "properties": {"GEOID": "47157000300", "name": "Census Tract 3"}, "geometry": {"type": "Polygon", "coordinates": [[[-90.036396, 35.166324], [-90.036713, 35.163731], [-90.025146, 35.167978], [-90.024981, 35.174556], [-90.024457, 35.174529], [-90.024101, 35.180745], [-90.024699, 35.180973], [-90.024474, 35.182096], [-90.020802, 35.183121], [-90.018043, 35.185009], [-90.017953, 35.186659], [-90.019663, 35.187337], [-90.025899, 35.188059], [-90.026918, 35.187979], [-90.027063, 35.187346], [-90.029162, 35.189033], [-90.030312, 35.190423], [-90.031476, 35.190467], [-90.033089, 35.189111], [-90.033705, 35.188886], [-90.034882, 35.18926], [-90.035181, 35.189486], [-90.036396, 35.166324]]]}}, {"type": "Feature", "properties": {"GEOID": "47157000400", "name": "Census Tract 4"}, "geometry": {"type": "Polygon", "coordinates": [[[-90.025146, 35.167978], [-90.017474, 35.17084], [-90.011823, 35.172779], [-90.008471, 35.17272], [-90.008091, 35.187723], [-90.01191, 35.18686], [-90.013256, 35.186355], [-90.013926, 35.186344], [-90.01529, 35.186738], [-90.017953, 35.186659], [-90.018043, 35.185009], [-90.020802, 35.183121], [-90.024474, 35.182096], [-90.024699, 35.180973], [-90.024015, 35.180603], [-90.024457, 35.174529], [-90.024981, 35.174556], [-90.025146, 35.167978]]]}}, {"type": "Feature", "properties": {"GEOID": "47157000600", "name": "Census Tract 6"}, "geometry": {"type": "Polygon", "coordinates": [[[-90.008471, 35.17272], [-89.983629, 35.171889], [-89.983575, 35.174505], [-89.981493, 35.174807], [-89.981145, 35.18079], [-89.977808, 35.180993], [-89.975177, 35.180944], [-89.975288, 35.184656], [-89.9758, 35.186476], [-89.975862, 35.188052], [-89.978114, 35.188873], [-89.980712, 35.188523], [-89.981593, 35.188012], [-89.983406, 35.188168], [-89.984421, 35.188976], [-89.985303, 35.191429], [-89.986782, 35.191578], [-89.987921, 35.191179], [-89.988908, 35.190084], [-89.989884, 35.189987], [-89.993405, 35.190529], [-89.996097, 35.189869], [-89.997153, 35.189646], [-89.997478, 35.189858], [-90.00441, 35.188577], [-90.005332, 35.188415], [-90.008091, 35.187723], [-90.008228, 35.181216], [-90.008471, 35.17272]]]}}, {"type": "Feature", "properties": {"GEOID": "47157000700", "name": "Census Tract 7"}, "geometry": {"type": "Polygon", "coordinates": [[[-90.0102, 35.164698], [-90.002591, 35.163913], [-89.987163, 35.162337], [-89.987538, 35.161551], [-89.98999, 35.160672], [-89.991202, 35.160018], [-89.990918, 35.159682], [-89.98494, 35.159038], [-89.984216, 35.158875], [-89.983635, 35.171846], [-90.008474, 35.172663], [-90.008982, 35.170733], [-90.010273, 35.16773], [-90.0102, 35.164698]]]}}, {"type": "Feature", "properties": {"GEOID": "47157000800", "name": "Census Tract 8"}, "geometry": {"type": "Polygon", "coordinates": [[[-89.983629, 35.171889], [-89.977802, 35.171521], [-89.975513, 35.170865], [-89.975494, 35.171577], [-89.965673, 35.171314], [-89.964388, 35.182964], [-89.966391, 35.183373], [-89.969849, 35.186639], [-89.971942, 35.187807], [-89.973858, 35.188145], [-89.975708, 35.188026], [-89.975794, 35.186078], [-89.975096, 35.183633], [-89.975177, 35.180944], [-89.979899, 35.18095], [-89.981145, 35.18079], [-89.981493, 35.174807], [-89.983575, 35.174505], [-89.983629, 35.171889]]]}}, {"type": "Feature", "properties": {"GEOID": "47157000900", "name": "Census Tract 9"}, "geometry": {"type": "Polygon", "coordinates": [[[-89.984216, 35.158875], [-89.979083, 35.157888], [-89.971355, 35.158026], [-89.967013, 35.159172], [-89.965673, 35.171314], [-89.965896, 35.171263], [-89.975494, 35.171577], [-89.975513, 35.170865], [-89.978731, 35.171665], [-89.983635, 35.171846], [-89.984216, 35.158875]]]}}, {"type": "Feature", "properties": {"GEOID": "47157001100", "name": "Census Tract 11"}, "geometry": {"type": "Polygon", "coordinates": [[[-89.953199, 35.16446], [-89.950822, 35.163119], [-89.939613, 35.160938], [-89.939353, 35.162505], [-89.933642, 35.16239], [-89.933572, 35.169712], [-89.933565, 35.172942], [-89.934344, 35.17311], [-89.938359, 35.175734], [-89.939941, 35.175355], [-89.943398, 35.171772], [-89.950757, 35.166309], [-89.951352, 35.16581], [-89.953199, 35.16446]]]}}, {"type": "Feature", "properties": {"GEOID": "47157001200", "name": "Census Tract 12"}, "geometry": {"type": "Polygon", "coordinates": [[[-89.944513, 35.149467], [-89.928031, 35.149195], [-89.927859, 35.151677], [-89.927558, 35.152224], [-89.927259, 35.162259], [-89.939353, 35.162505], [-89.939613, 35.160938], [-89.944046, 35.161756], [-89.944513, 35.149467]]]}}, {"type": "Feature", "properties": {"GEOID": "47157001300", "name": "Census Tract 13"}, "geometry": {"type": "Polygon", "coordinates": [[[-89.958783, 35.16117], [-89.955769, 35.157789], [-89.955985, 35.149394], [-89.944513, 35.149467], [-89.944046, 35.161756], [-89.950822, 35.163119], [-89.953199, 35.16446], [-89.957507, 35.161884], [-89.958954, 35.161352], [-89.958783, 35.16117]]]}}, {"type": "Feature", "properties": {"GEOID": "47157001400", "name": "Census Tract 14"}, "geometry": {"type": "Polygon", "coordinates": [[[-89.968033, 35.149698], [-89.963297, 35.149535], [-89.956124, 35.149396], [-89.955887, 35.158052], [-89.958954, 35.161352], [-89.963937, 35.159738], [-89.967029, 35.159034], [-89.968033, 35.149698]]]}}, {"type": "Feature", "properties": {"GEOID": "47157001500", "name": "Census Tract 15"}, "geometry": {"type": "Polygon", "coordinates": [[[-89.981397, 35.150503], [-89.981597, 35.148694], [-89.979109, 35.14827], [-89.977527, 35.147619], [-89.977206, 35.14816], [-89.969279, 35.147486], [-89.969192, 35.147281], [-89.968329, 35.147473], [-89.967029, 35.159034], [-89.972376, 35.157923], [-89.980229, 35.157934], [-89.981397, 35.150503]]]}}, {"type": "Feature", "properties": {"GEOID": "47157001600", "name": "Census Tract 16"}, "geometry": {"type": "Polygon", "coordinates": [[[-89.998944, 35.142532], [-89.984487, 35.141095], [-89.983059, 35.140541], [-89.980229, 35.157934], [-89.986314, 35.159279], [-89.991077, 35.159774], [-89.991028, 35.160111], [-89.988925, 35.161148], [-89.987538, 35.161551], [-89.987163, 35.162337], [-89.995959, 35.163253], [-89.996284, 35.160965], [-89.998944, 35.142532]]]}}, {"type": "Feature", "properties": {"GEOID": "47157001700", "name": "Census Tract 17"}, "geometry": {"type": "Polygon", "coordinates": [[[-90.012518, 35.153666], [-90.010813, 35.15331], [-90.00746, 35.153624], [-90.000006, 35.15288], [-89.997489, 35.152629], [-89.995959, 35.163253], [-90.010895, 35.164765], [-90.012518, 35.153666]]]}}, {"type": "Feature", "properties": {"GEOID": "47157001900", "name": "Census Tract 19"}, "geometry": {"type": "Polygon", "coordinates": [[[-90.02826, 35.157078], [-90.024077, 35.157279], [-90.020573, 35.158038], [-90.019443, 35.162952], [-90.018822, 35.165995], [-90.018642, 35.170407], [-90.026825, 35.167369], [-90.02826, 35.157078]]]}}, {"type": "Feature", "properties": {"GEOID": "47157002000", "name": "Census Tract 20"}, "geometry": {"type": "Polygon", "coordinates": [[[-90.040532, 35.15586], [-90.037961, 35.155673], [-90.037089, 35.156584], [-90.035261, 35.156642], [-90.032687, 35.156977], [-90.028399, 35.157073], [-90.027892, 35.159831], [-90.026846, 35.167361], [-90.038435, 35.16312], [-90.038493, 35.161186], [-90.039937, 35.156857], [-90.040532, 35.15586]]]}}, {"type": "Feature", "properties": {"GEOID": "47157002100", "name": "Census Tract 21"}, "geometry": {"type": "Polygon", "coordinates": [[[-90.052475, 35.158311], [-90.0431, 35.155918], [-90.040532, 35.15586], [-90.039536, 35.157729], [-90.038363, 35.162196], [-90.038435, 35.16312], [-90.043867, 35.163699], [-90.044374, 35.162777], [-90.04839, 35.163889], [-90.049295, 35.16382], [-90.049359, 35.162618], [-90.050048, 35.160418], [-90.052475, 35.158311]]]}}, {"type": "Feature", "properties": {"GEOID": "47157002400", "name": "Census Tract 24"}, "geometry": {"type": "Polygon", "coordinates": [[[-90.032736, 35.145529], [-90.022593, 35.144626], [-90.02196, 35.150822], [-90.021568, 35.152244], [-90.020573, 35.158038], [-90.024894, 35.157185], [-90.030945, 35.156957], [-90.032736, 35.145529]]]}}, {"type": "Feature", "properties": {"GEOID": "47157002500", "name": "Census Tract 25"}, "geometry": {"type": "Polygon", "coordinates": [[[-90.022593, 35.144626], [-90.014, 35.143798], [-90.010516, 35.143481], [-90.008934, 35.153593], [-90.011506, 35.153353], [-90.012518, 35.153666], [-90.011747, 35.158155], [-90.018204, 35.158541], [-90.020582, 35.157984], [-90.021994, 35.150681], [-90.022593, 35.144626]]]}}, {"type": "Feature", "properties": {"GEOID": "47157002600", "name": "Census Tract 26"}, "geometry": {"type": "Polygon", "coordinates": [[[-90.010475, 35.14348], [-89.998944, 35.142532], [-89.997489, 35.152629], [-90.008445, 35.153661], [-90.008957, 35.153432], [-90.010377, 35.144052], [-90.010475, 35.14348]]]}}, {"type": "Feature", "properties": {"GEOID": "47157002700", "name": "Census Tract 27"}, "geometry": {"type": "Polygon", "coordinates": [[[-89.983059, 35.140541], [-89.97, 35.135801], [-89.968329, 35.147473], [-89.969192, 35.147281], [-89.969279, 35.147486], [-89.977206, 35.14816], [-89.977527, 35.147619], [-89.980256, 35.148567], [-89.98177, 35.148621], [-89.983059, 35.140541]]]}}, {"type": "Feature", "properties": {"GEOID": "47157002800", "name": "Census Tract 28"}, "geometry": {"type": "Polygon", "coordinates": [[[-89.969908, 35.135768], [-89.968701, 35.135332], [-89.962687, 35.137491], [-89.961677, 35.137673], [-89.961446, 35.141577], [-89.961386, 35.141808], [-89.951637, 35.141656], [-89.951738, 35.139211], [-89.944808, 35.140356], [-89.944513, 35.149467], [-89.959917, 35.149477], [-89.968033, 35.149698], [-89.969908, 35.135768]]]}}, {"type": "Feature", "properties": {"GEOID": "47157002900", "name": "Census Tract 29"}, "geometry": {"type": "Polygon", "coordinates": [[[-89.945219, 35.12779], [-89.925767, 35.12377], [-89.925537, 35.131497], [-89.92862, 35.131573], [-89.928033, 35.149117], [-89.944513, 35.149467], [-89.945219, 35.12779]]]}}, {"type": "Feature", "properties": {"GEOID": "47157003000", "name": "Census Tract 30"}, "geometry": {"type": "Polygon", "coordinates": [[[-89.968628, 35.135305], [-89.955512, 35.130669], [-89.945219, 35.12779], [-89.944811, 35.140275], [-89.951738, 35.139211], [-89.951637, 35.141656], [-89.961386, 35.141808], [-89.961672, 35.13882], [-89.961677, 35.137673], [-89.965912, 35.136418], [-89.967557, 35.135777], [-89.968628, 35.135305]]]}}, {"type": "Feature", "properties": {"GEOID": "47157003100", "name": "Census Tract 31"}, "geometry": {"type": "Polygon", "coordinates": [[[-89.990698, 35.126721], [-89.983962, 35.12929], [-89.984191, 35.125928], [-89.973937, 35.125606], [-89.973023, 35.125092], [-89.971156, 35.127958], [-89.970731, 35.129543], [-89.967043, 35.129494], [-89.966938, 35.130483], [-89.964733, 35.133896], [-89.985251, 35.141269], [-89.989432, 35.141696], [-89.990458, 35.132197], [-89.990687, 35.12707], [-89.990698, 35.126721]]]}}, {"type": "Feature", "properties": {"GEOID": "47157003200", "name": "Census Tract 32"}, "geometry": {"type": "Polygon", "coordinates": [[[-90.00418, 35.132081], [-89.990477, 35.131727], [-89.989636, 35.140171], [-89.989432, 35.141696], [-90.002751, 35.142838], [-90.003809, 35.135583], [-90.004073, 35.135607], [-90.00418, 35.132081]]]}}, {"type": "Feature", "properties": {"GEOID": "47157003300", "name": "Census Tract 33"}, "geometry": {"type": "Polygon", "coordinates": [[[-90.006364, 35.123805], [-90.004687, 35.123823], [-89.997193, 35.124191], [-89.990698, 35.126721], [-89.990477, 35.131727], [-90.005326, 35.132109], [-90.005559, 35.1291], [-90.005317, 35.126358], [-90.006288, 35.126311], [-90.006364, 35.123805]]]}}, {"type": "Feature", "properties": {"GEOID": "47157003400", "name": "Census Tract 34"}, "geometry": {"type": "Polygon", "coordinates": [[[-90.013279, 35.132505], [-90.004436, 35.132087], [-90.00418, 35.132081], [-90.004073, 35.135607], [-90.003792, 35.135722], [-90.002998, 35.142858], [-90.010516, 35.143481], [-90.011278, 35.13978], [-90.011656, 35.139813], [-90.012688, 35.134357], [-90.012918, 35.132905], [-90.013279, 35.132505]]]}}, {"type": "Feature", "properties": {"GEOID": "47157003500", "name": "Census Tract 35"}, "geometry": {"type": "Polygon", "coordinates": [[[-90.021311, 35.122905], [-90.019112, 35.123088], [-90.006364, 35.123805], [-90.006288, 35.126311], [-90.005317, 35.126358], [-90.005603, 35.130053], [-90.00546, 35.132113], [-90.020829, 35.132737], [-90.021311, 35.122905]]]}}, {"type": "Feature", "properties": {"GEOID": "47157003600", "name": "Census Tract 36"}, "geometry": {"type": "Polygon", "coordinates": [[[-90.024335, 35.137607], [-90.020699, 35.137245], [-90.020829, 35.132737], [-90.014055, 35.132502], [-90.013279, 35.132505], [-90.012733, 35.133472], [-90.012375, 35.1362], [-90.011656, 35.139813], [-90.011278, 35.13978], [-90.010516, 35.143481], [-90.022599, 35.144584], [-90.023399, 35.140281], [-90.024335, 35.137607]]]}}, {"type": "Feature", "properties": {"GEOID": "47157003700", "name": "Census Tract 37"}, "geometry": {"type": "Polygon", "coordinates": [[[-90.035002, 35.133855], [-90.03085, 35.133431], [-90.029439, 35.132967], [-90.02086, 35.132738], [-90.020699, 35.137245], [-90.034612, 35.138641], [-90.034829, 35.13866], [-90.035002, 35.133855]]]}}, {"type": "Feature", "properties": {"GEOID": "47157003800", "name": "Census Tract 38"}, "geometry": {"type": "Polygon", "coordinates": [[[-90.033745, 35.138567], [-90.024442, 35.137617], [-90.022936, 35.142094], [-90.022599, 35.144584], [-90.032736, 35.145529], [-90.033745, 35.138567]]]}}, {"type": "Feature", "properties": {"GEOID": "47157003900", "name": "Census Tract 39"}, "geometry": {"type": "Polygon", "coordinates": [[[-90.044491, 35.147375], [-90.043867, 35.147215], [-90.044129, 35.145869], [-90.04351, 35.144028], [-90.043906, 35.143096], [-90.037623, 35.14113], [-90.035035, 35.140635], [-90.033486, 35.14052], [-90.032736, 35.145529], [-90.036975, 35.14647], [-90.044422, 35.148463], [-90.044491, 35.147375]]]}}, {"type": "Feature", "properties": {"GEOID": "47157004200", "name": "Census Tract 42"}, "geometry": {"type": "Polygon", "coordinates": [[[-90.068644, 35.153149], [-90.066958, 35.151839], [-90.066482, 35.151074], [-90.064612, 35.140621], [-90.065003, 35.138468], [-90.065133, 35.138206], [-90.060915, 35.136788], [-90.062528, 35.134479], [-90.062655, 35.132925], [-90.054626, 35.132873], [-90.055079, 35.134228], [-90.054339, 35.13589], [-90.051912, 35.139356], [-90.051319, 35.142009], [-90.048321, 35.149495], [-90.052803, 35.150735], [-90.051908, 35.153129], [-90.068644, 35.153149]]]}}, {"type": "Feature", "properties": {"GEOID": "47157004300", "name": "Census Tract 43"}, "geometry": {"type": "Polygon", "coordinates": [[[-90.075992, 35.127791], [-90.072502, 35.12505], [-90.069828, 35.124793], [-90.05985, 35.124614], [-90.059668, 35.126897], [-90.059134, 35.126934], [-90.059127, 35.127119], [-90.054835, 35.127014], [-90.05462, 35.132739], [-90.062655, 35.132925], [-90.062528, 35.134479], [-90.060915, 35.136788], [-90.065133, 35.138206], [-90.066591, 35.13599], [-90.071491, 35.131411], [-90.074749, 35.128963], [-90.075992, 35.127791]]]}}, {"type": "Feature", "properties": {"GEOID": "47157004500", "name": "Census Tract 45"}, "geometry": {"type": "Polygon", "coordinates": [[[-90.044076, 35.132026], [-90.044429, 35.128298], [-90.043247, 35.126524], [-90.04084, 35.126018], [-90.037935, 35.124798], [-90.035276, 35.124656], [-90.035064, 35.131466], [-90.042351, 35.131673], [-90.044076, 35.132026]]]}}, {"type": "Feature", "properties": {"GEOID": "47157004600", "name": "Census Tract 46"}, "geometry": {"type": "Polygon", "coordinates": [[[-90.035002, 35.133855], [-90.035276, 35.124656], [-90.026187, 35.124202], [-90.021311, 35.122905], [-90.02086, 35.132738], [-90.030137, 35.133059], [-90.031269, 35.133515], [-90.035002, 35.133855]]]}}, {"type": "Feature", "properties": {"GEOID": "47157005000", "name": "Census Tract 50"}, "geometry": {"type": "Polygon", "coordinates": [[[-90.055147, 35.116041], [-90.047185, 35.115871], [-90.046961, 35.126837], [-90.054836, 35.126966], [-90.054842, 35.126825], [-90.055147, 35.116041]]]}}, {"type": "Feature", "properties": {"GEOID": "47157005300", "name": "Census Tract 53"}, "geometry": {"type": "Polygon", "coordinates": [[[-90.091692, 35.084691], [-90.091121, 35.084042], [-90.087289, 35.082851], [-90.086901, 35.082782], [-90.083075, 35.081453], [-90.080489, 35.081085], [-90.078223, 35.079728], [-90.076421, 35.076764], [-90.075899, 35.076477], [-90.070468, 35.076055], [-90.062863, 35.075674], [-90.063203, 35.081562], [-90.065262, 35.087866], [-90.065976, 35.088969], [-90.066593, 35.091672], [-90.067505, 35.093239], [-90.067117, 35.095489], [-90.065395, 35.098002], [-90.064787, 35.106991], [-90.064762, 35.107788], [-90.083599, 35.108114], [-90.084873, 35.096026], [-90.091692, 35.084691]]]}}, {"type": "Feature", "properties": {"GEOID": "47157005500", "name": "Census Tract 55"}, "geometry": {"type": "Polygon", "coordinates": [[[-90.067346, 35.094934], [-90.067361, 35.092735], [-90.066338, 35.090975], [-90.065775, 35.088438], [-90.064904, 35.087107], [-90.063066, 35.080553], [-90.063048, 35.080103], [-90.059519, 35.080012], [-90.053924, 35.078225], [-90.052437, 35.078121], [-90.054495, 35.089908], [-90.052657, 35.105318], [-90.053479, 35.107568], [-90.063235, 35.107757], [-90.064648, 35.107785], [-90.065438, 35.097799], [-90.067346, 35.094934]]]}}, {"type": "Feature", "properties": {"GEOID": "47157005600", "name": "Census Tract 56"}, "geometry": {"type": "Polygon", "coordinates": [[[-90.054495, 35.089908], [-90.052437, 35.078121], [-90.047065, 35.077357], [-90.044303, 35.076707], [-90.041145, 35.07748], [-90.028929, 35.084636], [-90.030458, 35.086033], [-90.036919, 35.08617], [-90.036955, 35.090826], [-90.039274, 35.097353], [-90.035644, 35.100898], [-90.050784, 35.101434], [-90.052523, 35.101513], [-90.052887, 35.101527], [-90.054495, 35.089908]]]}}, {"type": "Feature", "properties": {"GEOID": "47157005700", "name": "Census Tract 57"}, "geometry": {"type": "Polygon", "coordinates": [[[-90.053396, 35.107567], [-90.052622, 35.1048], [-90.052887, 35.101527], [-90.035644, 35.100898], [-90.03562, 35.100542], [-90.034472, 35.100984], [-90.029237, 35.100831], [-90.029439, 35.103805], [-90.029376, 35.107019], [-90.037747, 35.107288], [-90.039306, 35.107195], [-90.053396, 35.107567]]]}}, {"type": "Feature", "properties": {"GEOID": "47157005800", "name": "Census Tract 58"}, "geometry": {"type": "Polygon", "coordinates": [[[-90.055327, 35.107693], [-90.047016, 35.107415], [-90.04689, 35.112217], [-90.047117, 35.112407], [-90.047185, 35.115871], [-90.055147, 35.116041], [-90.055215, 35.115864], [-90.055327, 35.107693]]]}}, {"type": "Feature", "properties": {"GEOID": "47157005900", "name": "Census Tract 59"}, "geometry": {"type": "Polygon", "coordinates": [[[-90.047124, 35.112222], [-90.04689, 35.112217], [-90.047016, 35.107415], [-90.037448, 35.107235], [-90.030565, 35.107051], [-90.030418, 35.115492], [-90.047072, 35.11587], [-90.047124, 35.112222]]]}}, {"type": "Feature", "properties": {"GEOID": "47157006000", "name": "Census Tract 60"}, "geometry": {"type": "Polygon", "coordinates": [[[-90.02931, 35.107018], [-90.029422, 35.101557], [-90.029237, 35.100831], [-90.019204, 35.100617], [-90.017942, 35.100874], [-90.012532, 35.100634], [-90.0095, 35.100339], [-90.009808, 35.103043], [-90.009758, 35.108799], [-90.009981, 35.109109], [-90.021721, 35.10948], [-90.021302, 35.106887], [-90.02931, 35.107018]]]}}, {"type": "Feature", "properties": {"GEOID": "47157006200", "name": "Census Tract 62"}, "geometry": {"type": "Polygon", "coordinates": [[[-90.021366, 35.121548], [-90.018717, 35.11925], [-90.012236, 35.111416], [-90.009841, 35.109108], [-90.005091, 35.108955], [-90.00495, 35.116321], [-90.004961, 35.122343], [-90.004922, 35.12314], [-90.006387, 35.123186], [-90.006367, 35.123735], [-90.021312, 35.122856], [-90.021366, 35.121548]]]}}, {"type": "Feature", "properties": {"GEOID": "47157006300", "name": "Census Tract 63"}, "geometry": {"type": "Polygon", "coordinates": [[[-90.006387, 35.123186], [-90.004922, 35.12314], [-90.005107, 35.119197], [-90.00495, 35.116321], [-90.00035, 35.116224], [-89.991242, 35.115968], [-89.990698, 35.126721], [-89.997193, 35.124191], [-90.006367, 35.123735], [-90.006387, 35.123186]]]}}, {"type": "Feature", "properties": {"GEOID": "47157006400", "name": "Census Tract 64"}, "geometry": {"type": "Polygon", "coordinates": [[[-90.005091, 35.108955], [-89.996252, 35.108745], [-89.992238, 35.109997], [-89.991681, 35.11086], [-89.991242, 35.115968], [-90.004908, 35.11626], [-90.004824, 35.115774], [-90.005091, 35.108955]]]}}, {"type": "Feature", "properties": {"GEOID": "47157006500", "name": "Census Tract 65"}, "geometry": {"type": "Polygon", "coordinates": [[[-90.009981, 35.109109], [-90.00962, 35.108327], [-90.009756, 35.101481], [-90.0095, 35.100339], [-90.00318, 35.100117], [-90.002247, 35.100623], [-89.999362, 35.102332], [-89.987431, 35.096234], [-89.987003, 35.100888], [-89.985738, 35.105385], [-89.987493, 35.107252], [-89.989126, 35.108899], [-89.991784, 35.110539], [-89.992607, 35.109781], [-89.996901, 35.108667], [-90.009981, 35.109109]]]}}, {"type": "Feature", "properties": {"GEOID": "47157006600", "name": "Census Tract 66"}, "geometry": {"type": "Polygon", "coordinates": [[[-89.991749, 35.110619], [-89.989126, 35.108899], [-89.979038, 35.11706], [-89.973244, 35.124694], [-89.973023, 35.125092], [-89.974212, 35.12566], [-89.984191, 35.125928], [-89.983962, 35.12929], [-89.989755, 35.127083], [-89.990698, 35.126721], [-89.991402, 35.114541], [-89.991749, 35.110619]]]}}, {"type": "Feature", "properties": {"GEOID": "47157006700", "name": "Census Tract 67"}, "geometry": {"type": "Polygon", "coordinates": [[[-89.989126, 35.108899], [-89.988516, 35.108562], [-89.965265, 35.107934], [-89.96517, 35.109947], [-89.96554, 35.109967], [-89.965471, 35.111608], [-89.966185, 35.111626], [-89.966302, 35.114592], [-89.969112, 35.114705], [-89.969098, 35.115601], [-89.971764, 35.115672], [-89.971514, 35.123939], [-89.972978, 35.125053], [-89.979038, 35.11706], [-89.989126, 35.108899]]]}}, {"type": "Feature", "properties": {"GEOID": "47157006800", "name": "Census Tract 68"}, "geometry": {"type": "GeometryCollection", "geometries": [{"type": "LineString", "coordinates": [[-89.988693, 35.108579], [-89.988516, 35.108562]]}, {"type": "Polygon", "coordinates": [[[-89.988516, 35.108562], [-89.986009, 35.105579], [-89.980152, 35.101845], [-89.972738, 35.097811], [-89.970155, 35.095013], [-89.969711, 35.10806], [-89.988516, 35.108562]]]}]}}, {"type": "Feature", "properties": {"GEOID": "47157006900", "name": "Census Tract 69"}, "geometry": {"type": "Polygon", "coordinates": [[[-89.987484, 35.091531], [-89.984907, 35.091395], [-89.978799, 35.088284], [-89.974371, 35.086988], [-89.974359, 35.091171], [-89.970437, 35.091077], [-89.970356, 35.091263], [-89.970155, 35.095013], [-89.972985, 35.097997], [-89.982477, 35.103281], [-89.985654, 35.105329], [-89.987305, 35.099316], [-89.987484, 35.091531]]]}}, {"type": "Feature", "properties": {"GEOID": "47157007000", "name": "Census Tract 70"}, "geometry": {"type": "Polygon", "coordinates": [[[-89.969112, 35.114705], [-89.966302, 35.114592], [-89.966185, 35.111626], [-89.965471, 35.111608], [-89.96554, 35.109967], [-89.96517, 35.109947], [-89.965143, 35.107931], [-89.952473, 35.107765], [-89.946044, 35.107882], [-89.945961, 35.109867], [-89.945831, 35.115447], [-89.947737, 35.115134], [-89.969098, 35.115601], [-89.969112, 35.114705]]]}}, {"type": "Feature", "properties": {"GEOID": "47157007100", "name": "Census Tract 71"}, "geometry": {"type": "Polygon", "coordinates": [[[-89.972978, 35.125053], [-89.971495, 35.123765], [-89.971764, 35.115672], [-89.962538, 35.115462], [-89.9623, 35.123627], [-89.958804, 35.123522], [-89.958475, 35.131607], [-89.964733, 35.133896], [-89.967055, 35.130017], [-89.967043, 35.129494], [-89.970731, 35.129543], [-89.970882, 35.128759], [-89.972268, 35.126048], [-89.972978, 35.125053]]]}}, {"type": "Feature", "properties": {"GEOID": "47157007200", "name": "Census Tract 72"}, "geometry": {"type": "Polygon", "coordinates": [[[-89.962538, 35.115462], [-89.946654, 35.115234], [-89.945831, 35.115447], [-89.945219, 35.12779], [-89.956103, 35.130858], [-89.958475, 35.131607], [-89.958574, 35.128127], [-89.958804, 35.123522], [-89.9623, 35.123627], [-89.962538, 35.115462]]]}}, {"type": "Feature", "properties": {"GEOID": "47157007300", "name": "Census Tract 73"}, "geometry": {"type": "Polygon", "coordinates": [[[-89.945754, 35.115323], [-89.942744, 35.116218], [-89.926004, 35.115937], [-89.925927, 35.123728], [-89.945219, 35.12779], [-89.945231, 35.127511], [-89.945754, 35.115323]]]}}, {"type": "Feature", "properties": {"GEOID": "47157007400", "name": "Census Tract 74"}, "geometry": {"type": "Polygon", "coordinates": [[[-89.946044, 35.107882], [-89.927642, 35.107427], [-89.926229, 35.107393], [-89.926004, 35.115937], [-89.942744, 35.116218], [-89.945759, 35.11525], [-89.946044, 35.107882]]]}}, {"type": "Feature", "properties": {"GEOID": "47157007500", "name": "Census Tract 75"}, "geometry": {"type": "Polygon", "coordinates": [[[-90.039274, 35.097353], [-90.036821, 35.090127], [-90.036919, 35.08617], [-90.030265, 35.085964], [-90.027702, 35.083559], [-90.025697, 35.083491], [-90.02575, 35.091809], [-90.027056, 35.096366], [-90.029237, 35.100831], [-90.034874, 35.100972], [-90.03562, 35.100542], [-90.038593, 35.098113], [-90.039274, 35.097353]]]}}, {"type": "Feature", "properties": {"GEOID": "47157007810", "name": "Census Tract 78.10"}, "geometry": {"type": "Polygon", "coordinates": [[[-90.029237, 35.100831], [-90.026467, 35.094822], [-90.025617, 35.090464], [-90.025617, 35.086674], [-90.018221, 35.090937], [-90.018228, 35.090748], [-90.014919, 35.092676], [-90.010288, 35.092552], [-90.0107, 35.081958], [-89.991512, 35.081279], [-89.991259, 35.081166], [-89.990877, 35.081376], [-89.985332, 35.081328], [-89.986699, 35.084769], [-89.987817, 35.08671], [-89.987431, 35.096234], [-89.999362, 35.102332], [-90.00318, 35.100117], [-90.012062, 35.100499], [-90.015177, 35.100789], [-90.018523, 35.100824], [-90.020366, 35.100589], [-90.029237, 35.100831]]]}}, {"type": "Feature", "properties": {"GEOID": "47157007821", "name": "Census Tract 78.21"}, "geometry": {"type": "Polygon", "coordinates": [[[-90.02105, 35.071315], [-90.018404, 35.071385], [-89.990221, 35.076264], [-89.985552, 35.076308], [-89.984876, 35.079662], [-89.985409, 35.081266], [-89.991069, 35.081302], [-89.991259, 35.081166], [-89.992787, 35.081436], [-90.0107, 35.081958], [-90.010288, 35.092552], [-90.014919, 35.092676], [-90.018231, 35.090686], [-90.018657, 35.082304], [-90.02105, 35.071315]]]}}, {"type": "Feature", "properties": {"GEOID": "47157007822", "name": "Census Tract 78.22"}, "geometry": {"type": "Polygon", "coordinates": [[[-90.044528, 35.076682], [-90.03889, 35.075073], [-90.021472, 35.071362], [-90.021144, 35.071442], [-90.018657, 35.082304], [-90.018221, 35.090937], [-90.025618, 35.086606], [-90.025697, 35.083491], [-90.028028, 35.083695], [-90.028929, 35.084636], [-90.041145, 35.07748], [-90.044528, 35.076682]]]}}, {"type": "Feature", "properties": {"GEOID": "47157007900", "name": "Census Tract 79"}, "geometry": {"type": "Polygon", "coordinates": [[[-89.969711, 35.10806], [-89.970155, 35.095013], [-89.949331, 35.094642], [-89.948947, 35.104921], [-89.948893, 35.107838], [-89.960875, 35.107806], [-89.969711, 35.10806]]]}}, {"type": "Feature", "properties": {"GEOID": "47157008000", "name": "Census Tract 80"}, "geometry": {"type": "Polygon", "coordinates": [[[-89.949375, 35.093434], [-89.93109, 35.092987], [-89.931012, 35.093702], [-89.930668, 35.1075], [-89.948893, 35.107838], [-89.949375, 35.093434]]]}}, {"type": "Feature", "properties": {"GEOID": "47157008110", "name": "Census Tract 81.10"}, "geometry": {"type": "Polygon", "coordinates": [[[-89.987484, 35.091531], [-89.987691, 35.086229], [-89.985961, 35.083306], [-89.984849, 35.079042], [-89.985166, 35.077018], [-89.977549, 35.07653], [-89.974509, 35.076756], [-89.972421, 35.078405], [-89.972035, 35.078383], [-89.971713, 35.084594], [-89.970523, 35.085927], [-89.970437, 35.091077], [-89.971497, 35.091098], [-89.974359, 35.091171], [-89.974371, 35.086988], [-89.979618, 35.088548], [-89.985187, 35.091509], [-89.987484, 35.091531]]]}}, {"type": "Feature", "properties": {"GEOID": "47157008120", "name": "Census Tract 81.20"}, "geometry": {"type": "GeometryCollection", "geometries": [{"type": "LineString", "coordinates": [[-89.974247, 35.076782], [-89.974509, 35.076756]]}, {"type": "Polygon", "coordinates": [[[-89.974247, 35.076782], [-89.963185, 35.077986], [-89.955955, 35.080586], [-89.957863, 35.082181], [-89.957111, 35.082417], [-89.955315, 35.082555], [-89.952637, 35.084351], [-89.949762, 35.088144], [-89.949331, 35.094642], [-89.970155, 35.095013], [-89.97067, 35.085552], [-89.971807, 35.084342], [-89.972035, 35.078383], [-89.972919, 35.078188], [-89.974247, 35.076782]]]}]}}, {"type": "Feature", "properties": {"GEOID": "47157008200", "name": "Census Tract 82"}, "geometry": {"type": "Polygon", "coordinates": [[[-89.957863, 35.082181], [-89.955512, 35.080213], [-89.949584, 35.081986], [-89.946375, 35.082069], [-89.931322, 35.079865], [-89.93109, 35.092987], [-89.949375, 35.093434], [-89.949762, 35.088144], [-89.953127, 35.083885], [-89.95561, 35.082461], [-89.957639, 35.082352], [-89.957863, 35.082181]]]}}, {"type": "Feature", "properties": {"GEOID": "47157008500", "name": "Census Tract 85"}, "geometry": {"type": "Polygon", "coordinates": [[[-89.926229, 35.107393], [-89.907862, 35.10691], [-89.907357, 35.115155], [-89.897155, 35.113203], [-89.896181, 35.112915], [-89.89472, 35.125278], [-89.894757, 35.128029], [-89.895486, 35.128501], [-89.897243, 35.128891], [-89.898455, 35.130812], [-89.925537, 35.131497], [-89.92567, 35.12733], [-89.926229, 35.107393]]]}}, {"type": "Feature", "properties": {"GEOID": "47157008600", "name": "Census Tract 86"}, "geometry": {"type": "Polygon", "coordinates": [[[-89.92862, 35.131573], [-89.928168, 35.131562], [-89.898455, 35.130812], [-89.897887, 35.148595], [-89.928033, 35.149117], [-89.92862, 35.131573]]]}}, {"type": "Feature", "properties": {"GEOID": "47157008700", "name": "Census Tract 87"}, "geometry": {"type": "Polygon", "coordinates": [[[-89.928031, 35.149195], [-89.925456, 35.149065], [-89.906149, 35.148677], [-89.905888, 35.161875], [-89.913225, 35.16195], [-89.927259, 35.162259], [-89.927586, 35.151971], [-89.927971, 35.15138], [-89.928031, 35.149195]]]}}, {"type": "Feature", "properties": {"GEOID": "47157008800", "name": "Census Tract 88"}, "geometry": {"type": "Polygon", "coordinates": [[[-89.938359, 35.175734], [-89.93389, 35.172953], [-89.933565, 35.172942], [-89.933606, 35.170153], [-89.933504, 35.167176], [-89.933642, 35.16239], [-89.917341, 35.162021], [-89.916586, 35.180972], [-89.91726, 35.182293], [-89.938359, 35.175734]]]}}, {"type": "Feature", "properties": {"GEOID": "47157008900", "name": "Census Tract 89"}, "geometry": {"type": "Polygon", "coordinates": [[[-89.949597, 35.186185], [-89.949687, 35.181468], [-89.948415, 35.181155], [-89.947944, 35.180547], [-89.947916, 35.17507], [-89.948056, 35.173243], [-89.944595, 35.174114], [-89.939783, 35.175573], [-89.939896, 35.175401], [-89.930581, 35.178197], [-89.90918, 35.184762], [-89.909514, 35.185973], [-89.914166, 35.189613], [-89.917659, 35.194545], [-89.918585, 35.196877], [-89.922435, 35.201698], [-89.924241, 35.202413], [-89.928046, 35.202471], [-89.931575, 35.201657], [-89.932356, 35.201182], [-89.933238, 35.199485], [-89.932763, 35.197415], [-89.932121, 35.196412], [-89.9346, 35.195084], [-89.939635, 35.191814], [-89.940732, 35.191056], [-89.941593, 35.189624], [-89.944349, 35.18661], [-89.946471, 35.186034], [-89.948991, 35.186052], [-89.949597, 35.186185]]]}}, {"type": "Feature", "properties": {"GEOID": "47157009100", "name": "Census Tract 91"}, "geometry": {"type": "Polygon", "coordinates": [[[-89.917341, 35.162021], [-89.909403, 35.161829], [-89.905888, 35.161875], [-89.905393, 35.16589], [-89.903613, 35.167869], [-89.898547, 35.172718], [-89.901609, 35.176317], [-89.90349, 35.177868], [-89.906427, 35.18191], [-89.90905, 35.184708], [-89.916444, 35.182542], [-89.91726, 35.182293], [-89.916456, 35.180301], [-89.917341, 35.162021]]]}}, {"type": "Feature", "properties": {"GEOID": "47157009200", "name": "Census Tract 92"}, "geometry": {"type": "Polygon", "coordinates": [[[-89.897887, 35.148595], [-89.898455, 35.130812], [-89.886595, 35.130487], [-89.88504, 35.131177], [-89.8596, 35.130795], [-89.856897, 35.131598], [-89.855095, 35.132807], [-89.861866, 35.138067], [-89.867357, 35.141143], [-89.87272, 35.143884], [-89.87387, 35.145443], [-89.878285, 35.149251], [-89.879494, 35.156408], [-89.881091, 35.158135], [-89.882311, 35.158785], [-89.883752, 35.15749], [-89.891479, 35.150735], [-89.894597, 35.149275], [-89.897887, 35.148595]]]}}, {"type": "Feature", "properties": {"GEOID": "47157009300", "name": "Census Tract 93"}, "geometry": {"type": "Polygon", "coordinates": [[[-89.916836, 35.085846], [-89.90369, 35.085647], [-89.902953, 35.1067], [-89.902263, 35.106763], [-89.901955, 35.114219], [-89.907357, 35.115155], [-89.907862, 35.10691], [-89.91567, 35.107114], [-89.916083, 35.094606], [-89.916642, 35.093458], [-89.916836, 35.085846]]]}}, {"type": "Feature", "properties": {"GEOID": "47157009400", "name": "Census Tract 94"}, "geometry": {"type": "Polygon", "coordinates": [[[-89.90369, 35.085647], [-89.895981, 35.085635], [-89.896119, 35.088038], [-89.895397, 35.110263], [-89.896223, 35.112131], [-89.896186, 35.112882], [-89.901041, 35.114039], [-89.901955, 35.114219], [-89.902263, 35.106763], [-89.902953, 35.1067], [-89.903139, 35.101308], [-89.90369, 35.085647]]]}}, {"type": "Feature", "properties": {"GEOID": "47157009500", "name": "Census Tract 95"}, "geometry": {"type": "Polygon", "coordinates": [[[-89.896186, 35.112882], [-89.895992, 35.111371], [-89.895307, 35.109797], [-89.895958, 35.092238], [-89.896039, 35.085769], [-89.895126, 35.084713], [-89.892974, 35.083347], [-89.887558, 35.084123], [-89.87823, 35.084481], [-89.875, 35.085552], [-89.872393, 35.087484], [-89.870771, 35.089937], [-89.870233, 35.092346], [-89.870111, 35.099927], [-89.873379, 35.10005], [-89.8762, 35.101466], [-89.895287, 35.11249], [-89.896186, 35.112882]]]}}, {"type": "Feature", "properties": {"GEOID": "47157009600", "name": "Census Tract 96"}, "geometry": {"type": "Polygon", "coordinates": [[[-89.898455, 35.130812], [-89.89702, 35.128747], [-89.895182, 35.128389], [-89.894628, 35.127707], [-89.8953, 35.119386], [-89.896181, 35.112915], [-89.88693, 35.107775], [-89.874162, 35.100298], [-89.872553, 35.099914], [-89.870111, 35.099978], [-89.869505, 35.114368], [-89.867541, 35.130908], [-89.868098, 35.130961], [-89.885355, 35.131107], [-89.886837, 35.130456], [-89.898455, 35.130812]]]}}, {"type": "Feature", "properties": {"GEOID": "47157009700", "name": "Census Tract 97"}, "geometry": {"type": "Polygon", "coordinates": [[[-89.923246, 35.078742], [-89.916653, 35.077921], [-89.909056, 35.07789], [-89.90619, 35.0785], [-89.894247, 35.083009], [-89.892974, 35.083347], [-89.895831, 35.085354], [-89.896152, 35.085643], [-89.920662, 35.085995], [-89.920767, 35.082849], [-89.920806, 35.081331], [-89.923037, 35.081432], [-89.923246, 35.078742]]]}}, {"type": "Feature", "properties": {"GEOID": "47157009800", "name": "Census Tract 98"}, "geometry": {"type": "Polygon", "coordinates": [[[-89.906149, 35.148677], [-89.897887, 35.148595], [-89.894225, 35.149401], [-89.890898, 35.151129], [-89.882311, 35.158785], [-89.889751, 35.16382], [-89.893182, 35.166547], [-89.896682, 35.171005], [-89.898475, 35.172807], [-89.900084, 35.171088], [-89.905237, 35.166188], [-89.905676, 35.164711], [-89.906149, 35.148677]]]}}, {"type": "Feature", "properties": {"GEOID": "47157009901", "name": "Census Tract 99.01"}, "geometry": {"type": "Polygon", "coordinates": [[[-90.066806, 35.206881], [-90.064132, 35.201094], [-90.063408, 35.191354], [-90.064414, 35.178953], [-90.06078, 35.181379], [-90.057485, 35.183141], [-90.05731, 35.182878], [-90.055451, 35.183356], [-90.051481, 35.185377], [-90.050919, 35.185509], [-90.048197, 35.187441], [-90.046012, 35.188455], [-90.046558, 35.189897], [-90.04855, 35.191496], [-90.051835, 35.197574], [-90.050114, 35.201921], [-90.048005, 35.203253], [-90.046115, 35.20386], [-90.044911, 35.204759], [-90.042953, 35.205862], [-90.042759, 35.209489], [-90.046091, 35.209576], [-90.046039, 35.21064], [-90.048705, 35.210808], [-90.048925, 35.211397], [-90.048227, 35.211745], [-90.045994, 35.211802], [-90.045908, 35.215963], [-90.041837, 35.21596], [-90.039586, 35.216073], [-90.036888, 35.215999], [-90.036375, 35.217929], [-90.033892, 35.218015], [-90.028956, 35.216605], [-90.024367, 35.216656], [-90.023331, 35.216887], [-89.999927, 35.245132], [-89.997856, 35.246782], [-90.002997, 35.245129], [-90.007687, 35.242482], [-90.00845, 35.242853], [-89.994009, 35.259699], [-89.99631, 35.259964], [-89.997409, 35.260003], [-89.998548, 35.260862], [-90.001564, 35.261051], [-90.003481, 35.262981], [-90.003844, 35.263796], [-90.00483, 35.263119], [-90.005318, 35.263677], [-90.005268, 35.264389], [-90.003088, 35.266186], [-90.003922, 35.267053], [-90.004729, 35.267149], [-90.006869, 35.266431], [-90.007387, 35.265182], [-90.006371, 35.263575], [-90.007019, 35.261622], [-90.00672, 35.259697], [-90.005515, 35.258093], [-90.005063, 35.257619], [-90.005428, 35.256653], [-90.009503, 35.2548], [-90.010847, 35.254854], [-90.011381, 35.255646], [-90.011082, 35.256578], [-90.009148, 35.258318], [-90.008813, 35.259304], [-90.010025, 35.260349], [-90.011207, 35.260451], [-90.012952, 35.259741], [-90.014127, 35.259769], [-90.01731, 35.258376], [-90.01958, 35.258416], [-90.021055, 35.258687], [-90.022173, 35.257386], [-90.024187, 35.251689], [-90.025657, 35.251216], [-90.026218, 35.251557], [-90.027018, 35.25251], [-90.02825, 35.253352], [-90.029529, 35.253425], [-90.029829, 35.252114], [-90.028863, 35.250448], [-90.028227, 35.249695], [-90.028561, 35.249003], [-90.030071, 35.248957], [-90.032678, 35.249489], [-90.032932, 35.248601], [-90.032748, 35.246656], [-90.032355, 35.245283], [-90.033264, 35.244358], [-90.035197, 35.243254], [-90.037765, 35.242959], [-90.038613, 35.241186], [-90.038415, 35.240227], [-90.036755, 35.239341], [-90.035299, 35.238776], [-90.035117, 35.237744], [-90.035763, 35.236353], [-90.037361, 35.235256], [-90.040272, 35.234758], [-90.041641, 35.234793], [-90.042753, 35.234764], [-90.043202, 35.233882], [-90.041751, 35.231722], [-90.041881, 35.231031], [-90.043227, 35.23057], [-90.044964, 35.23088], [-90.046926, 35.230717], [-90.048868, 35.23101], [-90.052039, 35.230045], [-90.053191, 35.229291], [-90.053738, 35.228181], [-90.053417, 35.227213], [-90.050543, 35.225094], [-90.050375, 35.223966], [-90.051562, 35.223035], [-90.053968, 35.222485], [-90.05514, 35.222151], [-90.056162, 35.219924], [-90.056081, 35.218298], [-90.056008, 35.216717], [-90.057672, 35.214563], [-90.063259, 35.210772], [-90.066806, 35.206881]]]}}, {"type": "Feature", "properties": {"GEOID": "47157009902", "name": "Census Tract 99.02"}, "geometry": {"type": "Polygon", "coordinates": [[[-90.051835, 35.197574], [-90.048236, 35.191132], [-90.046478, 35.189779], [-90.046012, 35.188455], [-90.042193, 35.190664], [-90.040488, 35.191], [-90.039599, 35.190952], [-90.037352, 35.189658], [-90.03616, 35.189797], [-90.03517, 35.189752], [-90.034591, 35.199786], [-90.033341, 35.205972], [-90.030099, 35.208653], [-90.023331, 35.216887], [-90.025753, 35.216572], [-90.029981, 35.216779], [-90.033892, 35.218015], [-90.036375, 35.217929], [-90.036676, 35.216723], [-90.036888, 35.215999], [-90.041617, 35.216057], [-90.042457, 35.215868], [-90.045908, 35.215963], [-90.045994, 35.211802], [-90.048612, 35.211693], [-90.048964, 35.211178], [-90.048555, 35.21074], [-90.046039, 35.21064], [-90.046091, 35.209576], [-90.042759, 35.209489], [-90.043057, 35.205651], [-90.045282, 35.204536], [-90.046533, 35.203651], [-90.04843, 35.203053], [-90.050292, 35.201633], [-90.051835, 35.197574]]]}}, {"type": "Feature", "properties": {"GEOID": "47157010000", "name": "Census Tract 100"}, "geometry": {"type": "Polygon", "coordinates": [[[-90.014814, 35.225371], [-90.008903, 35.22529], [-89.999845, 35.225236], [-89.999836, 35.226476], [-89.993266, 35.22632], [-89.993251, 35.228075], [-89.98375, 35.228026], [-89.982913, 35.229146], [-89.982303, 35.232022], [-89.980366, 35.232197], [-89.975403, 35.233377], [-89.975229, 35.242229], [-89.977474, 35.24241], [-89.979134, 35.244256], [-89.982085, 35.244993], [-89.987142, 35.244906], [-89.989181, 35.243556], [-89.991803, 35.242485], [-89.993244, 35.241978], [-89.993304, 35.244787], [-89.996026, 35.247449], [-89.997856, 35.246782], [-90.00112, 35.243898], [-90.014807, 35.227008], [-90.014814, 35.225371]]]}}, {"type": "Feature", "properties": {"GEOID": "47157010110", "name": "Census Tract 101.10"}, "geometry": {"type": "GeometryCollection", "geometries": [{"type": "LineString", "coordinates": [[-90.014807, 35.227008], [-90.014831, 35.227164]]}, {"type": "Polygon", "coordinates": [[[-90.02845, 35.210627], [-90.023742, 35.208178], [-90.021363, 35.208037], [-90.01265, 35.208911], [-90.00754, 35.208412], [-90.003809, 35.208248], [-90.003425, 35.217548], [-89.993565, 35.217237], [-89.993244, 35.218037], [-89.993266, 35.22632], [-89.999836, 35.226476], [-89.999845, 35.225236], [-90.014814, 35.225371], [-90.014807, 35.227008], [-90.02845, 35.210627]]]}]}}, {"type": "Feature", "properties": {"GEOID": "47157010120", "name": "Census Tract 101.20"}, "geometry": {"type": "Polygon", "coordinates": [[[-90.034875, 35.19658], [-90.035029, 35.189419], [-90.034514, 35.189056], [-90.033389, 35.189001], [-90.032514, 35.189462], [-90.031476, 35.190467], [-90.030312, 35.190423], [-90.028166, 35.188082], [-90.027063, 35.187346], [-90.026918, 35.187979], [-90.022996, 35.187818], [-90.019663, 35.187337], [-90.017845, 35.186738], [-90.015038, 35.186739], [-90.013926, 35.186344], [-90.013256, 35.186355], [-90.010036, 35.187248], [-90.008085, 35.187861], [-90.007938, 35.193361], [-90.004644, 35.196818], [-90.003326, 35.198472], [-90.001592, 35.19967], [-89.999611, 35.20378], [-89.997992, 35.204873], [-89.996009, 35.205562], [-89.994513, 35.20693], [-89.994303, 35.209428], [-89.993817, 35.21698], [-89.993565, 35.217237], [-90.003425, 35.217548], [-90.003809, 35.208248], [-90.010502, 35.208691], [-90.014038, 35.208883], [-90.022898, 35.208015], [-90.024709, 35.208549], [-90.02845, 35.210627], [-90.030099, 35.208653], [-90.033457, 35.205873], [-90.033858, 35.203932], [-90.034875, 35.19658]]]}}, {"type": "Feature", "properties": {"GEOID": "47157010210", "name": "Census Tract 102.10"}, "geometry": {"type": "Polygon", "coordinates": [[[-89.993565, 35.217237], [-89.984483, 35.21716], [-89.982228, 35.218518], [-89.975315, 35.221149], [-89.969568, 35.221228], [-89.965321, 35.221105], [-89.964856, 35.222535], [-89.962867, 35.229049], [-89.963062, 35.231743], [-89.965231, 35.23642], [-89.966405, 35.235845], [-89.966617, 35.23342], [-89.975403, 35.233377], [-89.981757, 35.23197], [-89.982303, 35.232022], [-89.983206, 35.228537], [-89.983846, 35.2279], [-89.993251, 35.228075], [-89.993338, 35.217439], [-89.993565, 35.217237]]]}}, {"type": "Feature", "properties": {"GEOID": "47157010220", "name": "Census Tract 102.20"}, "geometry": {"type": "Polygon", "coordinates": [[[-90.007938, 35.193361], [-90.008091, 35.187723], [-90.005428, 35.188265], [-90.004591, 35.188594], [-90.001504, 35.18909], [-89.997478, 35.189858], [-89.996951, 35.189684], [-89.993642, 35.190451], [-89.992712, 35.190473], [-89.989455, 35.190027], [-89.988908, 35.190084], [-89.987921, 35.191179], [-89.986782, 35.191578], [-89.985303, 35.191429], [-89.984421, 35.188976], [-89.983406, 35.188168], [-89.981593, 35.188012], [-89.980444, 35.18863], [-89.977937, 35.188873], [-89.975708, 35.188026], [-89.972644, 35.188038], [-89.970301, 35.186979], [-89.967923, 35.184894], [-89.966204, 35.183278], [-89.964388, 35.182964], [-89.963874, 35.187849], [-89.966807, 35.21576], [-89.965623, 35.220156], [-89.965342, 35.22104], [-89.972502, 35.221275], [-89.975941, 35.220987], [-89.982952, 35.2182], [-89.984657, 35.217104], [-89.993565, 35.217237], [-89.994008, 35.216408], [-89.994407, 35.207179], [-89.995487, 35.20594], [-89.997225, 35.205075], [-89.998869, 35.204412], [-90.000028, 35.203084], [-90.001936, 35.199281], [-90.003952, 35.197861], [-90.006511, 35.194704], [-90.007938, 35.193361]]]}}, {"type": "Feature", "properties": {"GEOID": "47157010300", "name": "Census Tract 103"}, "geometry": {"type": "Polygon", "coordinates": [[[-90.00845, 35.242853], [-90.007687, 35.242482], [-90.002329, 35.245402], [-89.997504, 35.246913], [-89.996026, 35.247449], [-89.993156, 35.244431], [-89.993244, 35.241978], [-89.990096, 35.243043], [-89.987618, 35.244537], [-89.986648, 35.245002], [-89.98112, 35.244878], [-89.978987, 35.244143], [-89.977474, 35.24241], [-89.975229, 35.242229], [-89.975403, 35.233377], [-89.968652, 35.233415], [-89.966617, 35.23342], [-89.966312, 35.235959], [-89.965231, 35.23642], [-89.967953, 35.242431], [-89.968403, 35.252877], [-89.968815, 35.254415], [-89.96996, 35.254081], [-89.973444, 35.254313], [-89.97541, 35.255286], [-89.976631, 35.257269], [-89.97802, 35.261829], [-89.978637, 35.262013], [-89.979999, 35.261755], [-89.983371, 35.261735], [-89.98893, 35.259546], [-89.992952, 35.259296], [-89.994009, 35.259699], [-90.004925, 35.246964], [-90.00845, 35.242853]]]}}, {"type": "Feature", "properties": {"GEOID": "47157010500", "name": "Census Tract 105"}, "geometry": {"type": "Polygon", "coordinates": [[[-89.954207, 35.068744], [-89.953851, 35.064445], [-89.950312, 35.059681], [-89.95009, 35.05793], [-89.950856, 35.055381], [-89.951673, 35.052244], [-89.934012, 35.051873], [-89.933527, 35.054971], [-89.932314, 35.057138], [-89.930915, 35.06002], [-89.93119, 35.061775], [-89.932338, 35.064096], [-89.931599, 35.076416], [-89.948818, 35.076998], [-89.951154, 35.076578], [-89.94816, 35.073743], [-89.944455, 35.068717], [-89.945234, 35.068518], [-89.954207, 35.068744]]]}}, {"type": "Feature", "properties": {"GEOID": "47157010610", "name": "Census Tract 106.10"}, "geometry": {"type": "Polygon", "coordinates": [[[-89.932273, 35.064875], [-89.919886, 35.064564], [-89.918774, 35.063735], [-89.918039, 35.06283], [-89.90866, 35.062452], [-89.905831, 35.062388], [-89.90554, 35.072613], [-89.906608, 35.076816], [-89.906978, 35.078254], [-89.911094, 35.077793], [-89.919178, 35.078153], [-89.931322, 35.079865], [-89.932273, 35.064875]]]}}, {"type": "Feature", "properties": {"GEOID": "47157010620", "name": "Census Tract 106.20"}, "geometry": {"type": "Polygon", "coordinates": [[[-89.933796, 35.054177], [-89.93392, 35.05187], [-89.92196, 35.051529], [-89.921956, 35.055619], [-89.922294, 35.057255], [-89.92214, 35.06138], [-89.921933, 35.062313], [-89.921485, 35.06316], [-89.921436, 35.064689], [-89.932273, 35.064875], [-89.932102, 35.063348], [-89.930927, 35.060845], [-89.931261, 35.058954], [-89.933796, 35.054177]]]}}, {"type": "Feature", "properties": {"GEOID": "47157010630", "name": "Census Tract 106.30"}, "geometry": {"type": "Polygon", "coordinates": [[[-89.92213, 35.061545], [-89.922202, 35.056186], [-89.921843, 35.054527], [-89.92196, 35.051529], [-89.907828, 35.05121], [-89.907621, 35.055047], [-89.906443, 35.056599], [-89.905964, 35.058299], [-89.905833, 35.062313], [-89.918039, 35.06283], [-89.91961, 35.064457], [-89.921436, 35.064689], [-89.921678, 35.062668], [-89.92213, 35.061545]]]}}, {"type": "Feature", "properties": {"GEOID": "47157010710", "name": "Census Tract 107.10"}, "geometry": {"type": "Polygon", "coordinates": [[[-89.906978, 35.078254], [-89.905468, 35.071604], [-89.905762, 35.062383], [-89.885822, 35.061909], [-89.885141, 35.073517], [-89.884742, 35.075241], [-89.884395, 35.078056], [-89.892974, 35.083347], [-89.894806, 35.082835], [-89.906978, 35.078254]]]}}, {"type": "Feature", "properties": {"GEOID": "47157010720", "name": "Census Tract 107.20"}, "geometry": {"type": "Polygon", "coordinates": [[[-89.885822, 35.061909], [-89.882082, 35.061643], [-89.879574, 35.061091], [-89.876077, 35.060997], [-89.875438, 35.074383], [-89.878272, 35.074634], [-89.880701, 35.075728], [-89.884395, 35.078056], [-89.88457, 35.077369], [-89.885024, 35.073704], [-89.885372, 35.072153], [-89.885822, 35.061909]]]}}, {"type": "Feature", "properties": {"GEOID": "47157010810", "name": "Census Tract 108.10"}, "geometry": {"type": "Polygon", "coordinates": [[[-89.907828, 35.05121], [-89.88621, 35.050539], [-89.885822, 35.061909], [-89.88759, 35.061952], [-89.905833, 35.062313], [-89.906085, 35.05729], [-89.907712, 35.054734], [-89.907828, 35.05121]]]}}, {"type": "Feature", "properties": {"GEOID": "47157010820", "name": "Census Tract 108.20"}, "geometry": {"type": "Polygon", "coordinates": [[[-89.88621, 35.050539], [-89.864058, 35.049946], [-89.865704, 35.054533], [-89.865953, 35.054603], [-89.865916, 35.060738], [-89.880627, 35.061197], [-89.883019, 35.061842], [-89.885822, 35.061909], [-89.885849, 35.061248], [-89.88621, 35.050539]]]}}, {"type": "Feature", "properties": {"GEOID": "47157011010", "name": "Census Tract 110.10"}, "geometry": {"type": "Polygon", "coordinates": [[[-89.963984, 35.052614], [-89.963844, 35.03602], [-89.963647, 35.020845], [-89.954586, 35.020813], [-89.95485, 35.028382], [-89.956325, 35.03007], [-89.956029, 35.033277], [-89.954684, 35.034405], [-89.954827, 35.037613], [-89.955737, 35.038933], [-89.955593, 35.039631], [-89.954771, 35.041576], [-89.954933, 35.052319], [-89.963984, 35.052614]]]}}, {"type": "Feature", "properties": {"GEOID": "47157011020", "name": "Census Tract 110.20"}, "geometry": {"type": "Polygon", "coordinates": [[[-89.956112, 35.033156], [-89.956248, 35.029839], [-89.954743, 35.028172], [-89.954729, 35.027972], [-89.936979, 35.027973], [-89.936923, 35.034619], [-89.936569, 35.037201], [-89.936776, 35.040407], [-89.936008, 35.042122], [-89.934514, 35.04347], [-89.933443, 35.045114], [-89.933404, 35.04936], [-89.934012, 35.051873], [-89.954807, 35.052316], [-89.95486, 35.041093], [-89.955737, 35.038933], [-89.954731, 35.03733], [-89.954744, 35.034246], [-89.956112, 35.033156]]]}}, {"type": "Feature", "properties": {"GEOID": "47157011100", "name": "Census Tract 111"}, "geometry": {"type": "Polygon", "coordinates": [[[-89.967029, 35.159034], [-89.961376, 35.160483], [-89.956345, 35.162462], [-89.951203, 35.165935], [-89.945129, 35.170517], [-89.941743, 35.173342], [-89.939783, 35.175573], [-89.947832, 35.173237], [-89.948056, 35.173243], [-89.947833, 35.179861], [-89.948119, 35.180912], [-89.949094, 35.181381], [-89.949687, 35.181468], [-89.949597, 35.186185], [-89.95769, 35.185126], [-89.963213, 35.18296], [-89.963562, 35.182915], [-89.964366, 35.182958], [-89.967029, 35.159034]]]}}, {"type": "Feature", "properties": {"GEOID": "47157011200", "name": "Census Tract 112"}, "geometry": {"type": "Polygon", "coordinates": [[[-90.020449, 35.158065], [-90.017437, 35.158557], [-90.011855, 35.15816], [-90.010895, 35.164765], [-90.010507, 35.164727], [-90.010039, 35.168629], [-90.008982, 35.170733], [-90.008474, 35.172663], [-90.012235, 35.172688], [-90.018532, 35.170448], [-90.019125, 35.163857], [-90.020243, 35.160053], [-90.020449, 35.158065]]]}}, {"type": "Feature", "properties": {"GEOID": "47157011300", "name": "Census Tract 113"}, "geometry": {"type": "Polygon", "coordinates": [[[-90.054849, 35.153106], [-90.051908, 35.153129], [-90.052803, 35.150735], [-90.033143, 35.145559], [-90.032736, 35.145529], [-90.030945, 35.156957], [-90.034391, 35.156833], [-90.036341, 35.15651], [-90.037089, 35.156584], [-90.037961, 35.155673], [-90.04379, 35.155989], [-90.052475, 35.158311], [-90.053228, 35.157694], [-90.054849, 35.153106]]]}}, {"type": "Feature", "properties": {"GEOID": "47157011400", "name": "Census Tract 114"}, "geometry": {"type": "Polygon", "coordinates": [[[-90.054995, 35.134674], [-90.055027, 35.133698], [-90.054631, 35.132499], [-90.054835, 35.127014], [-90.049466, 35.126868], [-90.044527, 35.126847], [-90.044475, 35.126564], [-90.043247, 35.126524], [-90.044533, 35.128586], [-90.044076, 35.132026], [-90.04108, 35.131601], [-90.035064, 35.131466], [-90.034829, 35.13866], [-90.033745, 35.138567], [-90.033486, 35.14052], [-90.036609, 35.14085], [-90.042468, 35.142636], [-90.043906, 35.143096], [-90.043526, 35.144441], [-90.044186, 35.146198], [-90.043867, 35.147215], [-90.044491, 35.147375], [-90.044422, 35.148463], [-90.048321, 35.149495], [-90.051639, 35.140883], [-90.052262, 35.138683], [-90.054995, 35.134674]]]}}, {"type": "Feature", "properties": {"GEOID": "47157011500", "name": "Census Tract 115"}, "geometry": {"type": "Polygon", "coordinates": [[[-90.032572, 35.119321], [-90.030686, 35.119272], [-90.030715, 35.115498], [-90.030418, 35.115492], [-90.030565, 35.107051], [-90.022205, 35.106845], [-90.021302, 35.106887], [-90.021721, 35.10948], [-90.009981, 35.109109], [-90.015193, 35.114853], [-90.019532, 35.120025], [-90.021359, 35.121696], [-90.021312, 35.122856], [-90.026691, 35.124277], [-90.032388, 35.124524], [-90.032572, 35.119321]]]}}, {"type": "Feature", "properties": {"GEOID": "47157011600", "name": "Census Tract 116"}, "geometry": {"type": "Polygon", "coordinates": [[[-90.047225, 35.116528], [-90.047072, 35.11587], [-90.030814, 35.115501], [-90.030686, 35.119272], [-90.032572, 35.119321], [-90.032388, 35.124524], [-90.037935, 35.124798], [-90.042304, 35.126419], [-90.044475, 35.126564], [-90.044527, 35.126847], [-90.046937, 35.126752], [-90.047225, 35.116528]]]}}, {"type": "Feature", "properties": {"GEOID": "47157011700", "name": "Census Tract 117"}, "geometry": {"type": "Polygon", "coordinates": [[[-90.076781, 35.122563], [-90.077223, 35.12007], [-90.076281, 35.119099], [-90.071892, 35.116951], [-90.074845, 35.11208], [-90.07566, 35.108036], [-90.075002, 35.108017], [-90.055327, 35.107693], [-90.054836, 35.126966], [-90.059127, 35.127119], [-90.059134, 35.126934], [-90.059668, 35.126897], [-90.05985, 35.124614], [-90.072255, 35.12496], [-90.073865, 35.125996], [-90.076781, 35.122563]]]}}, {"type": "Feature", "properties": {"GEOID": "47157011800", "name": "Census Tract 118"}, "geometry": {"type": "Polygon", "coordinates": [[[-89.931322, 35.079865], [-89.923246, 35.078742], [-89.923037, 35.081432], [-89.920806, 35.081331], [-89.920662, 35.085995], [-89.916836, 35.085846], [-89.916535, 35.094026], [-89.916055, 35.094921], [-89.91567, 35.107114], [-89.930575, 35.107497], [-89.931322, 35.079865]]]}}, {"type": "Feature", "properties": {"GEOID": "47157020101", "name": "Census Tract 201.01"}, "geometry": {"type": "Polygon", "coordinates": [[[-90.169079, 35.284564], [-90.168794, 35.279088], [-90.166594, 35.274588], [-90.158865, 35.262577], [-90.152094, 35.255989], [-90.147478, 35.254234], [-90.140394, 35.252289], [-90.132116, 35.25318], [-90.123593, 35.254989], [-90.116493, 35.255788], [-90.109999, 35.255431], [-90.105093, 35.254288], [-90.100343, 35.251902], [-90.097947, 35.249983], [-90.090585, 35.241754], [-90.086322, 35.235719], [-90.082939, 35.231824], [-90.079345, 35.228838], [-90.07481, 35.220231], [-90.074262, 35.218316], [-90.073965, 35.214856], [-90.074392, 35.210589], [-90.077303, 35.208551], [-90.080085, 35.207688], [-90.082066, 35.208553], [-90.083671, 35.210179], [-90.087384, 35.212196], [-90.088597, 35.212376], [-90.091101, 35.208081], [-90.095651, 35.197708], [-90.096105, 35.195173], [-90.096466, 35.194848], [-90.097408, 35.194794], [-90.107887, 35.198838], [-90.109076, 35.199105], [-90.115546, 35.1987], [-90.116182, 35.198498], [-90.116535, 35.197576], [-90.117542, 35.19057], [-90.117393, 35.18789], [-90.116318, 35.186531], [-90.115181, 35.183377], [-90.114214, 35.181691], [-90.111199, 35.17893], [-90.109486, 35.178865], [-90.108635, 35.176211], [-90.10861, 35.175144], [-90.10417, 35.169012], [-90.093672, 35.157888], [-90.091999, 35.156372], [-90.083702, 35.155794], [-90.070526, 35.153644], [-90.06835, 35.153146], [-90.064608, 35.153131], [-90.063922, 35.154679], [-90.064726, 35.167362], [-90.064414, 35.178953], [-90.063408, 35.191354], [-90.064132, 35.201094], [-90.066806, 35.206881], [-90.063259, 35.210772], [-90.057672, 35.214563], [-90.056008, 35.216717], [-90.056081, 35.218298], [-90.056162, 35.219924], [-90.05514, 35.222151], [-90.053703, 35.222501], [-90.051562, 35.223035], [-90.050375, 35.223966], [-90.050543, 35.225094], [-90.053657, 35.22751], [-90.053515, 35.228865], [-90.052497, 35.22977], [-90.050027, 35.230777], [-90.048473, 35.231048], [-90.045956, 35.230697], [-90.044195, 35.230803], [-90.042744, 35.230617], [-90.041787, 35.231193], [-90.041955, 35.232194], [-90.043202, 35.233882], [-90.042753, 35.234764], [-90.041641, 35.234793], [-90.040272, 35.234758], [-90.038531, 35.235078], [-90.036888, 35.235447], [-90.035467, 35.236751], [-90.035078, 35.23835], [-90.03543, 35.23887], [-90.038227, 35.240028], [-90.038643, 35.240795], [-90.037997, 35.242744], [-90.037016, 35.243166], [-90.034786, 35.243386], [-90.032454, 35.245046], [-90.032393, 35.245812], [-90.032954, 35.247923], [-90.032789, 35.249389], [-90.032256, 35.249529], [-90.029373, 35.248867], [-90.028366, 35.249147], [-90.028344, 35.249963], [-90.029771, 35.251869], [-90.029669, 35.253205], [-90.029379, 35.2535], [-90.02825, 35.253352], [-90.02633, 35.251924], [-90.025827, 35.251297], [-90.025054, 35.251287], [-90.027839, 35.259542], [-90.027665, 35.263241], [-90.023382, 35.288738], [-90.020483, 35.29562], [-90.016103, 35.325513], [-90.015286, 35.332311], [-90.016708, 35.332286], [-90.021277, 35.33124], [-90.024786, 35.33179], [-90.027296, 35.332406], [-90.028055, 35.33512], [-90.02899, 35.337105], [-90.03002, 35.338481], [-90.030126, 35.340132], [-90.029299, 35.343082], [-90.028778, 35.343854], [-90.027836, 35.343882], [-90.027262, 35.34683], [-90.016678, 35.346153], [-90.015733, 35.351974], [-90.022989, 35.352703], [-90.022007, 35.359908], [-90.023869, 35.361013], [-90.02334, 35.361709], [-90.022065, 35.36451], [-90.017169, 35.364109], [-90.016913, 35.367973], [-90.026954, 35.369586], [-90.026454, 35.378533], [-90.026525, 35.379], [-90.027125, 35.379195], [-90.039844, 35.379546], [-90.039584, 35.388714], [-90.045736, 35.392615], [-90.06271, 35.385964], [-90.067463, 35.385052], [-90.074992, 35.384152], [-90.083824, 35.368798], [-90.087903, 35.36327], [-90.090492, 35.360886], [-90.091511, 35.360676], [-90.092817, 35.360717], [-90.093492, 35.360486], [-90.096825, 35.357216], [-90.100294, 35.351619], [-90.107774, 35.342807], [-90.108817, 35.342586], [-90.110293, 35.342788], [-90.103862, 35.332405], [-90.106824, 35.324618], [-90.107524, 35.319312], [-90.109215, 35.304987], [-90.113569, 35.30468], [-90.116114, 35.303412], [-90.117219, 35.303384], [-90.122139, 35.30455], [-90.123707, 35.30453], [-90.126623, 35.303266], [-90.128423, 35.301858], [-90.135306, 35.299617], [-90.137832, 35.299311], [-90.139849, 35.299147], [-90.141744, 35.299708], [-90.14242, 35.300433], [-90.143512, 35.300923], [-90.144434, 35.301568], [-90.148226, 35.302906], [-90.149794, 35.30331], [-90.151881, 35.303068], [-90.157446, 35.301179], [-90.158913, 35.300637], [-90.161225, 35.298951], [-90.163812, 35.296115], [-90.169079, 35.284564]]]}}, {"type": "Feature", "properties": {"GEOID": "47157020102", "name": "Census Tract 201.02"}, "geometry": {"type": "Polygon", "coordinates": [[[-90.045736, 35.392615], [-90.039584, 35.388714], [-90.039844, 35.379546], [-90.026807, 35.379191], [-90.026486, 35.378859], [-90.026724, 35.371462], [-90.026954, 35.369586], [-90.016913, 35.367973], [-90.017169, 35.364109], [-90.02223, 35.364525], [-90.023477, 35.361425], [-90.023869, 35.361013], [-90.021867, 35.359806], [-90.022989, 35.352703], [-90.015733, 35.351974], [-90.016678, 35.346153], [-90.027262, 35.34683], [-90.027836, 35.343882], [-90.028778, 35.343854], [-90.029386, 35.34281], [-90.030224, 35.339436], [-90.029613, 35.337734], [-90.028141, 35.335665], [-90.027694, 35.333773], [-90.027294, 35.332265], [-90.023036, 35.331415], [-90.020818, 35.331295], [-90.015858, 35.332348], [-90.015286, 35.332311], [-90.018288, 35.309755], [-90.020685, 35.294952], [-90.023609, 35.287968], [-90.027871, 35.261683], [-90.027645, 35.258543], [-90.027574, 35.258297], [-90.025054, 35.251287], [-90.024106, 35.25184], [-90.021953, 35.257736], [-90.021055, 35.258687], [-90.017855, 35.258287], [-90.016304, 35.258753], [-90.01388, 35.259778], [-90.012416, 35.259889], [-90.011207, 35.260451], [-90.010025, 35.260349], [-90.008813, 35.259304], [-90.009555, 35.257767], [-90.011307, 35.256313], [-90.011277, 35.255303], [-90.010513, 35.254762], [-90.00873, 35.255064], [-90.005307, 35.256801], [-90.005096, 35.257777], [-90.006369, 35.25904], [-90.007028, 35.260982], [-90.006672, 35.262685], [-90.006439, 35.263782], [-90.007387, 35.265182], [-90.006869, 35.266431], [-90.00481, 35.267163], [-90.00466, 35.268199], [-90.003587, 35.268925], [-90.006065, 35.278194], [-90.006896, 35.280926], [-90.009791, 35.283173], [-90.009924, 35.284203], [-90.008173, 35.285965], [-90.000007, 35.292777], [-89.992912, 35.298564], [-89.989187, 35.300286], [-89.984189, 35.302436], [-89.983225, 35.302972], [-89.982467, 35.304073], [-89.981859, 35.307257], [-89.981404, 35.31024], [-89.979731, 35.312791], [-89.977129, 35.314467], [-89.959345, 35.324817], [-89.957975, 35.325351], [-89.955972, 35.328441], [-89.954671, 35.329213], [-89.953991, 35.330619], [-89.952874, 35.331995], [-89.951295, 35.334351], [-89.951904, 35.335384], [-89.951227, 35.336632], [-89.950591, 35.337422], [-89.950016, 35.337722], [-89.951067, 35.33821], [-89.951136, 35.339508], [-89.950597, 35.343221], [-89.951411, 35.343267], [-89.95071, 35.344102], [-89.949747, 35.344343], [-89.948679, 35.344084], [-89.948608, 35.345803], [-89.948099, 35.346662], [-89.947965, 35.347711], [-89.948368, 35.348277], [-89.94867, 35.349804], [-89.948838, 35.351188], [-89.949314, 35.352786], [-89.949167, 35.354395], [-89.945983, 35.357257], [-89.944757, 35.362216], [-89.941916, 35.368126], [-89.941902, 35.368587], [-89.942345, 35.368702], [-89.942305, 35.369065], [-89.941956, 35.369312], [-89.942084, 35.370965], [-89.941567, 35.371256], [-89.941279, 35.371844], [-89.940669, 35.37197], [-89.940636, 35.373535], [-89.940079, 35.373217], [-89.939141, 35.374068], [-89.939737, 35.374156], [-89.939684, 35.375564], [-89.940012, 35.376146], [-89.939006, 35.376547], [-89.93957, 35.377403], [-89.939717, 35.377261], [-89.941387, 35.3782], [-89.941997, 35.378084], [-89.942326, 35.378732], [-89.942849, 35.378919], [-89.942567, 35.379199], [-89.943318, 35.379864], [-89.943754, 35.379528], [-89.945149, 35.380001], [-89.945685, 35.380835], [-89.945377, 35.381483], [-89.945987, 35.381511], [-89.946557, 35.382258], [-89.945867, 35.383219], [-89.946718, 35.383834], [-89.946645, 35.384323], [-89.946993, 35.384433], [-89.947282, 35.385805], [-89.950917, 35.389028], [-89.951159, 35.388945], [-89.952393, 35.389747], [-89.952769, 35.39095], [-89.953225, 35.391698], [-89.954191, 35.39146], [-89.953913, 35.392163], [-89.955387, 35.393584], [-89.977271, 35.393737], [-90.004032, 35.395166], [-90.041563, 35.39662], [-90.044639, 35.39305], [-90.045736, 35.392615]]]}}, {"type": "Feature", "properties": {"GEOID": "47157020210", "name": "Census Tract 202.10"}, "geometry": {"type": "Polygon", "coordinates": [[[-89.955244, 35.393492], [-89.954929, 35.393168], [-89.953896, 35.392004], [-89.954191, 35.39146], [-89.953781, 35.391532], [-89.953225, 35.391698], [-89.952426, 35.39023], [-89.952312, 35.389599], [-89.951159, 35.388945], [-89.950756, 35.388918], [-89.948751, 35.387123], [-89.947168, 35.385602], [-89.946993, 35.384433], [-89.946645, 35.384323], [-89.946557, 35.383708], [-89.945867, 35.383219], [-89.946557, 35.382258], [-89.94586, 35.381412], [-89.945377, 35.381483], [-89.945612, 35.380555], [-89.944894, 35.379858], [-89.943754, 35.379528], [-89.943318, 35.379864], [-89.942567, 35.379199], [-89.942849, 35.378919], [-89.942125, 35.378546], [-89.941803, 35.378018], [-89.941105, 35.378167], [-89.939717, 35.377261], [-89.939322, 35.377282], [-89.939006, 35.376547], [-89.940032, 35.375997], [-89.939643, 35.37536], [-89.939737, 35.374156], [-89.939141, 35.374068], [-89.940079, 35.373217], [-89.940636, 35.373535], [-89.940803, 35.371877], [-89.941514, 35.371608], [-89.941815, 35.371058], [-89.942077, 35.370795], [-89.941862, 35.369652], [-89.941956, 35.369312], [-89.942305, 35.369065], [-89.942345, 35.368702], [-89.941775, 35.368472], [-89.943256, 35.365204], [-89.945166, 35.36115], [-89.946157, 35.356993], [-89.949274, 35.354263], [-89.949126, 35.351649], [-89.948663, 35.350836], [-89.948676, 35.349233], [-89.948368, 35.348277], [-89.947939, 35.347464], [-89.948753, 35.345029], [-89.948679, 35.344084], [-89.950309, 35.344313], [-89.951082, 35.343802], [-89.951411, 35.343267], [-89.950597, 35.343221], [-89.950947, 35.340967], [-89.951152, 35.338494], [-89.95055, 35.337887], [-89.949575, 35.338115], [-89.937469, 35.336549], [-89.93337, 35.33608], [-89.927407, 35.335328], [-89.923734, 35.334985], [-89.920027, 35.334684], [-89.918333, 35.335838], [-89.912528, 35.341505], [-89.911871, 35.342307], [-89.911776, 35.344465], [-89.91202, 35.346112], [-89.90626, 35.345065], [-89.897552, 35.353291], [-89.892056, 35.360586], [-89.888408, 35.365454], [-89.887669, 35.366129], [-89.885473, 35.365145], [-89.872537, 35.363727], [-89.871869, 35.363635], [-89.868585, 35.368685], [-89.867268, 35.3686], [-89.86685, 35.369996], [-89.859527, 35.370832], [-89.859582, 35.371534], [-89.856963, 35.375008], [-89.855219, 35.374887], [-89.850554, 35.371778], [-89.85169, 35.370381], [-89.852347, 35.366664], [-89.8506, 35.366594], [-89.850886, 35.362672], [-89.858865, 35.363106], [-89.859498, 35.362243], [-89.860084, 35.357899], [-89.84765, 35.35656], [-89.850062, 35.338349], [-89.858077, 35.339095], [-89.858064, 35.338758], [-89.857628, 35.338316], [-89.859913, 35.321206], [-89.832079, 35.325903], [-89.830673, 35.325835], [-89.830369, 35.336266], [-89.827661, 35.336141], [-89.822984, 35.367919], [-89.82241, 35.367928], [-89.821022, 35.377048], [-89.817631, 35.376989], [-89.806898, 35.379113], [-89.809242, 35.384912], [-89.809329, 35.385346], [-89.808531, 35.386055], [-89.808832, 35.386439], [-89.808765, 35.387065], [-89.809496, 35.387104], [-89.8102, 35.388136], [-89.809329, 35.389345], [-89.809637, 35.390201], [-89.811669, 35.390212], [-89.820145, 35.390597], [-89.829448, 35.39221], [-89.83778, 35.390635], [-89.839075, 35.391612], [-89.845474, 35.391539], [-89.855372, 35.391], [-89.859554, 35.390628], [-89.885052, 35.391129], [-89.88952, 35.390934], [-89.900664, 35.392198], [-89.91101, 35.392836], [-89.929647, 35.393485], [-89.955244, 35.393492]]]}}, {"type": "Feature", "properties": {"GEOID": "47157020221", "name": "Census Tract 202.21"}, "geometry": {"type": "GeometryCollection", "geometries": [{"type": "LineString", "coordinates": [[-89.917762, 35.334628], [-89.917571, 35.334614]]}, {"type": "Polygon", "coordinates": [[[-90.009836, 35.284404], [-90.009921, 35.283398], [-90.00844, 35.282114], [-90.006662, 35.280625], [-90.004677, 35.273025], [-90.003587, 35.268925], [-90.004821, 35.267908], [-90.004729, 35.267149], [-90.003922, 35.267053], [-90.003088, 35.266186], [-90.005374, 35.264233], [-90.005216, 35.263334], [-90.00483, 35.263119], [-90.004174, 35.26352], [-90.003844, 35.263796], [-90.002766, 35.262091], [-90.00128, 35.260952], [-89.998236, 35.260737], [-89.997135, 35.25989], [-89.995134, 35.259915], [-89.993826, 35.259611], [-89.992516, 35.259248], [-89.988458, 35.259642], [-89.983371, 35.261735], [-89.979007, 35.26193], [-89.978137, 35.261935], [-89.97721, 35.259465], [-89.976107, 35.256182], [-89.974959, 35.255007], [-89.973132, 35.254247], [-89.969773, 35.254116], [-89.968815, 35.254415], [-89.965245, 35.258025], [-89.961049, 35.258764], [-89.941041, 35.261459], [-89.930068, 35.262909], [-89.929427, 35.26294], [-89.929159, 35.270026], [-89.928533, 35.275509], [-89.926887, 35.280295], [-89.922499, 35.285038], [-89.920517, 35.289147], [-89.918734, 35.294938], [-89.915324, 35.300447], [-89.912853, 35.303639], [-89.910524, 35.31299], [-89.908992, 35.317287], [-89.905932, 35.321334], [-89.9056, 35.322063], [-89.926226, 35.326185], [-89.926421, 35.326313], [-89.917762, 35.334628], [-89.921647, 35.33479], [-89.925321, 35.335139], [-89.931283, 35.335786], [-89.936133, 35.336408], [-89.947024, 35.337831], [-89.950183, 35.338061], [-89.95036, 35.337955], [-89.950016, 35.337722], [-89.950632, 35.337272], [-89.951799, 35.335729], [-89.951696, 35.334852], [-89.951319, 35.334211], [-89.953851, 35.330706], [-89.954438, 35.329861], [-89.955037, 35.328864], [-89.956245, 35.32812], [-89.958203, 35.325136], [-89.959345, 35.324817], [-89.975256, 35.315559], [-89.979456, 35.312965], [-89.980341, 35.312033], [-89.981614, 35.309735], [-89.982247, 35.304834], [-89.982994, 35.303186], [-89.983884, 35.302477], [-89.988033, 35.3008], [-89.99237, 35.298866], [-89.995275, 35.29674], [-90.000197, 35.292537], [-90.009836, 35.284404]]]}]}}, {"type": "Feature", "properties": {"GEOID": "47157020222", "name": "Census Tract 202.22"}, "geometry": {"type": "Polygon", "coordinates": [[[-89.929427, 35.26294], [-89.900935, 35.273387], [-89.898524, 35.274817], [-89.895707, 35.275093], [-89.894342, 35.274992], [-89.887129, 35.274922], [-89.886888, 35.274673], [-89.883782, 35.274959], [-89.874373, 35.274847], [-89.870408, 35.274877], [-89.868179, 35.276039], [-89.866806, 35.276152], [-89.865538, 35.275713], [-89.862527, 35.275874], [-89.854425, 35.276365], [-89.831231, 35.29962], [-89.836605, 35.299915], [-89.833256, 35.323065], [-89.830711, 35.325429], [-89.830673, 35.325835], [-89.832508, 35.325875], [-89.859935, 35.321154], [-89.860176, 35.320595], [-89.861317, 35.320514], [-89.861604, 35.320593], [-89.86152, 35.320284], [-89.861349, 35.319844], [-89.862096, 35.320133], [-89.863016, 35.320699], [-89.863745, 35.320675], [-89.863805, 35.321582], [-89.864461, 35.321613], [-89.864382, 35.320502], [-89.865465, 35.320739], [-89.865768, 35.320594], [-89.866027, 35.321572], [-89.866408, 35.321606], [-89.866592, 35.320348], [-89.86754, 35.320634], [-89.867858, 35.320212], [-89.867959, 35.319201], [-89.868899, 35.318776], [-89.869465, 35.318334], [-89.870777, 35.318619], [-89.871311, 35.319547], [-89.87176, 35.319307], [-89.872238, 35.319749], [-89.872407, 35.319475], [-89.872358, 35.318881], [-89.873419, 35.319259], [-89.880992, 35.310295], [-89.88181, 35.30787], [-89.881904, 35.306182], [-89.887405, 35.306346], [-89.887461, 35.309743], [-89.898484, 35.310079], [-89.898685, 35.311499], [-89.904973, 35.31206], [-89.910653, 35.312593], [-89.913055, 35.303247], [-89.917103, 35.297839], [-89.919215, 35.293791], [-89.92127, 35.287219], [-89.923455, 35.283835], [-89.926887, 35.280295], [-89.928763, 35.274245], [-89.929358, 35.268354], [-89.929427, 35.26294]]]}}, {"type": "Feature", "properties": {"GEOID": "47157020300", "name": "Census Tract 203"}, "geometry": {"type": "Polygon", "coordinates": [[[-89.926421, 35.326313], [-89.919467, 35.32477], [-89.9056, 35.322063], [-89.906663, 35.320181], [-89.909303, 35.316706], [-89.910653, 35.312593], [-89.899694, 35.311567], [-89.898567, 35.311367], [-89.898484, 35.310079], [-89.887461, 35.309743], [-89.887405, 35.306346], [-89.881904, 35.306182], [-89.881483, 35.309212], [-89.880205, 35.311445], [-89.87184, 35.321088], [-89.87444, 35.32135], [-89.874667, 35.324876], [-89.877378, 35.326136], [-89.877363, 35.327264], [-89.878689, 35.327884], [-89.879078, 35.327245], [-89.881463, 35.328081], [-89.89045, 35.332011], [-89.890658, 35.33216], [-89.890534, 35.332834], [-89.882747, 35.332611], [-89.882569, 35.340248], [-89.881916, 35.340198], [-89.88185, 35.3408], [-89.881175, 35.340844], [-89.887344, 35.341321], [-89.889188, 35.341369], [-89.892156, 35.342493], [-89.889809, 35.344957], [-89.884507, 35.349564], [-89.879286, 35.354825], [-89.87891, 35.354559], [-89.871869, 35.363635], [-89.881919, 35.364786], [-89.885763, 35.365188], [-89.887669, 35.366129], [-89.890135, 35.363386], [-89.895204, 35.356311], [-89.899078, 35.351647], [-89.90626, 35.345065], [-89.91202, 35.346112], [-89.911689, 35.343438], [-89.912038, 35.341983], [-89.919352, 35.335072], [-89.920027, 35.334684], [-89.917762, 35.334628], [-89.926421, 35.326313]]]}}, {"type": "Feature", "properties": {"GEOID": "47157020400", "name": "Census Tract 204"}, "geometry": {"type": "Polygon", "coordinates": [[[-89.892156, 35.342493], [-89.888969, 35.341339], [-89.882702, 35.341034], [-89.881175, 35.340844], [-89.88185, 35.3408], [-89.881916, 35.340198], [-89.882569, 35.340248], [-89.882747, 35.332611], [-89.890534, 35.332834], [-89.890658, 35.33216], [-89.89045, 35.332011], [-89.879986, 35.327448], [-89.879078, 35.327245], [-89.878689, 35.327884], [-89.877363, 35.327264], [-89.877378, 35.326136], [-89.874667, 35.324876], [-89.87444, 35.32135], [-89.87184, 35.321088], [-89.873365, 35.319321], [-89.872358, 35.318881], [-89.872446, 35.319657], [-89.872059, 35.319589], [-89.87176, 35.319307], [-89.871311, 35.319547], [-89.870548, 35.31846], [-89.86923, 35.318415], [-89.868577, 35.318929], [-89.867959, 35.319201], [-89.867795, 35.320552], [-89.867073, 35.320484], [-89.866592, 35.320348], [-89.866271, 35.321689], [-89.86593, 35.321159], [-89.865768, 35.320594], [-89.865084, 35.320665], [-89.864382, 35.320502], [-89.864461, 35.321613], [-89.863805, 35.321582], [-89.863745, 35.320675], [-89.862482, 35.320493], [-89.86163, 35.319807], [-89.861314, 35.319998], [-89.861673, 35.320395], [-89.861604, 35.320593], [-89.86052, 35.320576], [-89.860003, 35.320668], [-89.857725, 35.338481], [-89.858064, 35.338758], [-89.857904, 35.339089], [-89.850062, 35.338349], [-89.84765, 35.35656], [-89.860084, 35.357899], [-89.859474, 35.362424], [-89.858865, 35.363106], [-89.850886, 35.362672], [-89.8506, 35.366594], [-89.852347, 35.366664], [-89.85169, 35.370381], [-89.850554, 35.371778], [-89.855219, 35.374887], [-89.856963, 35.375008], [-89.859582, 35.371534], [-89.859527, 35.370832], [-89.86685, 35.369996], [-89.867268, 35.3686], [-89.868585, 35.368685], [-89.874486, 35.360075], [-89.87891, 35.354559], [-89.879286, 35.354825], [-89.886623, 35.347586], [-89.890322, 35.344506], [-89.892156, 35.342493]]]}}, {"type": "Feature", "properties": {"GEOID": "47157020511", "name": "Census Tract 205.11"}, "geometry": {"type": "Polygon", "coordinates": [[[-89.966753, 35.216313], [-89.964918, 35.197581], [-89.963874, 35.187224], [-89.964366, 35.182958], [-89.962827, 35.183023], [-89.95755, 35.185296], [-89.956477, 35.18893], [-89.956381, 35.194907], [-89.957602, 35.196919], [-89.958663, 35.198896], [-89.958592, 35.201529], [-89.957015, 35.203048], [-89.955439, 35.204439], [-89.953875, 35.20749], [-89.95179, 35.214983], [-89.951785, 35.215695], [-89.952313, 35.217548], [-89.955847, 35.220506], [-89.956282, 35.221756], [-89.956258, 35.222717], [-89.958554, 35.222403], [-89.963776, 35.221002], [-89.965342, 35.22104], [-89.966753, 35.216313]]]}}, {"type": "Feature", "properties": {"GEOID": "47157020512", "name": "Census Tract 205.12"}, "geometry": {"type": "Polygon", "coordinates": [[[-89.9585, 35.201712], [-89.958744, 35.19996], [-89.958415, 35.198115], [-89.95647, 35.195214], [-89.956414, 35.190547], [-89.95686, 35.187143], [-89.957484, 35.185213], [-89.950582, 35.186085], [-89.949325, 35.186178], [-89.94829, 35.185934], [-89.946097, 35.186043], [-89.944349, 35.18661], [-89.941329, 35.190033], [-89.940235, 35.191536], [-89.936316, 35.193847], [-89.934323, 35.195284], [-89.932121, 35.196412], [-89.932763, 35.197415], [-89.933238, 35.199485], [-89.932356, 35.201182], [-89.931207, 35.201723], [-89.928046, 35.202471], [-89.925875, 35.202552], [-89.92374, 35.202265], [-89.922662, 35.201798], [-89.921564, 35.204616], [-89.921417, 35.208816], [-89.926927, 35.217024], [-89.928717, 35.218496], [-89.928697, 35.22075], [-89.930962, 35.221273], [-89.933501, 35.222919], [-89.933815, 35.222958], [-89.946096, 35.223339], [-89.94774, 35.223582], [-89.950744, 35.223332], [-89.954884, 35.222816], [-89.95615, 35.222665], [-89.956129, 35.221003], [-89.954963, 35.219705], [-89.952313, 35.217548], [-89.951785, 35.215695], [-89.952, 35.213868], [-89.954491, 35.20602], [-89.955997, 35.203808], [-89.9585, 35.201712]]]}}, {"type": "Feature", "properties": {"GEOID": "47157020521", "name": "Census Tract 205.21"}, "geometry": {"type": "Polygon", "coordinates": [[[-89.968761, 35.254472], [-89.968232, 35.250878], [-89.967892, 35.242153], [-89.963062, 35.231743], [-89.962867, 35.229049], [-89.965321, 35.221105], [-89.963036, 35.221119], [-89.957051, 35.222658], [-89.956112, 35.222789], [-89.954139, 35.230939], [-89.95078, 35.238441], [-89.948258, 35.240557], [-89.941811, 35.250255], [-89.936457, 35.253414], [-89.931701, 35.256505], [-89.929453, 35.257867], [-89.929427, 35.26294], [-89.937915, 35.261936], [-89.959608, 35.258925], [-89.964911, 35.258198], [-89.96771, 35.25567], [-89.968761, 35.254472]]]}}, {"type": "Feature", "properties": {"GEOID": "47157020523", "name": "Census Tract 205.23"}, "geometry": {"type": "Polygon", "coordinates": [[[-89.946144, 35.243705], [-89.946024, 35.243331], [-89.944167, 35.242725], [-89.942209, 35.242823], [-89.940806, 35.239888], [-89.940731, 35.237894], [-89.936969, 35.23812], [-89.932754, 35.238126], [-89.925677, 35.238054], [-89.92601, 35.24396], [-89.928344, 35.250096], [-89.929776, 35.252515], [-89.929826, 35.254505], [-89.929458, 35.25748], [-89.929455, 35.2577], [-89.934965, 35.254441], [-89.939862, 35.251307], [-89.941811, 35.250255], [-89.946144, 35.243705]]]}}, {"type": "Feature", "properties": {"GEOID": "47157020524", "name": "Census Tract 205.24"}, "geometry": {"type": "Polygon", "coordinates": [[[-89.956112, 35.222789], [-89.951161, 35.223226], [-89.949395, 35.223537], [-89.946313, 35.22339], [-89.942144, 35.223121], [-89.933501, 35.222919], [-89.930311, 35.221021], [-89.928673, 35.220803], [-89.927125, 35.224932], [-89.925324, 35.228042], [-89.925249, 35.228501], [-89.925592, 35.230315], [-89.926078, 35.232281], [-89.92573, 35.234504], [-89.925677, 35.238054], [-89.932754, 35.238126], [-89.93881, 35.238054], [-89.940731, 35.237894], [-89.940868, 35.240172], [-89.942209, 35.242823], [-89.944167, 35.242725], [-89.946122, 35.243449], [-89.946144, 35.243705], [-89.948805, 35.239966], [-89.950964, 35.238171], [-89.954328, 35.230351], [-89.956112, 35.222789]]]}}, {"type": "Feature", "properties": {"GEOID": "47157020531", "name": "Census Tract 205.31"}, "geometry": {"type": "Polygon", "coordinates": [[[-89.929577, 35.255352], [-89.929938, 35.253174], [-89.929348, 35.25169], [-89.927647, 35.24858], [-89.92588, 35.243098], [-89.905953, 35.24256], [-89.902134, 35.242078], [-89.900522, 35.242184], [-89.898881, 35.242517], [-89.883549, 35.24198], [-89.881948, 35.241405], [-89.877572, 35.241228], [-89.876367, 35.241275], [-89.875839, 35.25477], [-89.854534, 35.276255], [-89.862527, 35.275874], [-89.865538, 35.275713], [-89.867332, 35.27615], [-89.868179, 35.276039], [-89.870408, 35.274877], [-89.873156, 35.274763], [-89.884965, 35.274969], [-89.886888, 35.274673], [-89.887129, 35.274922], [-89.894342, 35.274992], [-89.895707, 35.275093], [-89.896617, 35.275099], [-89.898524, 35.274817], [-89.901387, 35.273257], [-89.929427, 35.26294], [-89.929577, 35.255352]]]}}, {"type": "Feature", "properties": {"GEOID": "47157020532", "name": "Census Tract 205.32"}, "geometry": {"type": "Polygon", "coordinates": [[[-89.928673, 35.220803], [-89.926703, 35.220528], [-89.920756, 35.220552], [-89.918317, 35.221786], [-89.901412, 35.221521], [-89.894186, 35.221404], [-89.893834, 35.225171], [-89.892721, 35.228362], [-89.888646, 35.233734], [-89.885608, 35.236328], [-89.883019, 35.238586], [-89.881834, 35.240275], [-89.880314, 35.24139], [-89.882629, 35.241508], [-89.884173, 35.242078], [-89.899607, 35.242481], [-89.901081, 35.242084], [-89.904176, 35.242286], [-89.909785, 35.24278], [-89.92588, 35.243098], [-89.925696, 35.23661], [-89.925913, 35.23305], [-89.925974, 35.231207], [-89.925229, 35.229], [-89.925623, 35.227429], [-89.927488, 35.224257], [-89.928673, 35.220803]]]}}, {"type": "Feature", "properties": {"GEOID": "47157020541", "name": "Census Tract 205.41"}, "geometry": {"type": "Polygon", "coordinates": [[[-89.928697, 35.22075], [-89.928717, 35.218496], [-89.926536, 35.216492], [-89.921637, 35.209126], [-89.921466, 35.208394], [-89.921465, 35.205309], [-89.916851, 35.205556], [-89.903346, 35.207212], [-89.894674, 35.207017], [-89.894321, 35.217172], [-89.894211, 35.221333], [-89.918317, 35.221786], [-89.921023, 35.22049], [-89.928398, 35.220693], [-89.928697, 35.22075]]]}}, {"type": "Feature", "properties": {"GEOID": "47157020542", "name": "Census Tract 205.42"}, "geometry": {"type": "Polygon", "coordinates": [[[-89.922662, 35.201798], [-89.921285, 35.200341], [-89.918241, 35.196338], [-89.917253, 35.193832], [-89.913649, 35.189081], [-89.909414, 35.185775], [-89.909101, 35.184845], [-89.895951, 35.188859], [-89.895271, 35.1989], [-89.894674, 35.207017], [-89.905119, 35.207126], [-89.920008, 35.205287], [-89.921465, 35.205309], [-89.921547, 35.205171], [-89.922054, 35.203085], [-89.922662, 35.201798]]]}}, {"type": "Feature", "properties": {"GEOID": "47157020610", "name": "Census Tract 206.10"}, "geometry": {"type": "Polygon", "coordinates": [[[-89.90905, 35.184708], [-89.906676, 35.182129], [-89.905269, 35.180456], [-89.903187, 35.177489], [-89.900696, 35.175423], [-89.894092, 35.167848], [-89.892474, 35.165871], [-89.885726, 35.161007], [-89.882218, 35.158867], [-89.87264, 35.167855], [-89.859494, 35.180804], [-89.870906, 35.182799], [-89.876199, 35.183421], [-89.880393, 35.184706], [-89.883323, 35.185044], [-89.886046, 35.186272], [-89.890926, 35.190366], [-89.90905, 35.184708]]]}}, {"type": "Feature", "properties": {"GEOID": "47157020621", "name": "Census Tract 206.21"}, "geometry": {"type": "Polygon", "coordinates": [[[-89.895951, 35.188859], [-89.894294, 35.189315], [-89.890926, 35.190366], [-89.885669, 35.186019], [-89.882962, 35.184963], [-89.879335, 35.184489], [-89.875166, 35.18323], [-89.871258, 35.182872], [-89.870397, 35.185019], [-89.869341, 35.187032], [-89.868762, 35.198573], [-89.867718, 35.200041], [-89.865044, 35.201929], [-89.864195, 35.203794], [-89.864331, 35.204724], [-89.869652, 35.20414], [-89.873284, 35.204327], [-89.876254, 35.20483], [-89.88523, 35.2057], [-89.890078, 35.206659], [-89.894605, 35.207016], [-89.895276, 35.197191], [-89.895951, 35.188859]]]}}, {"type": "Feature", "properties": {"GEOID": "47157020622", "name": "Census Tract 206.22"}, "geometry": {"type": "Polygon", "coordinates": [[[-89.871266, 35.18282], [-89.860043, 35.181001], [-89.859494, 35.180804], [-89.834406, 35.205482], [-89.837631, 35.205485], [-89.842888, 35.204745], [-89.859466, 35.204704], [-89.864171, 35.204663], [-89.864593, 35.202584], [-89.865953, 35.201131], [-89.868161, 35.199611], [-89.86895, 35.197826], [-89.86946, 35.186572], [-89.871003, 35.183882], [-89.871266, 35.18282]]]}}, {"type": "Feature", "properties": {"GEOID": "47157020632", "name": "Census Tract 206.32"}, "geometry": {"type": "Polygon", "coordinates": [[[-89.834406, 35.205482], [-89.821669, 35.203902], [-89.814597, 35.204792], [-89.792012, 35.204601], [-89.791765, 35.218248], [-89.792202, 35.228623], [-89.793313, 35.234281], [-89.793373, 35.235586], [-89.793449, 35.237325], [-89.806986, 35.232006], [-89.809669, 35.229774], [-89.834406, 35.205482]]]}}, {"type": "Feature", "properties": {"GEOID": "47157020633", "name": "Census Tract 206.33"}, "geometry": {"type": "Polygon", "coordinates": [[[-89.840655, 35.207378], [-89.840496, 35.204974], [-89.836269, 35.205589], [-89.834406, 35.205482], [-89.813026, 35.226495], [-89.80738, 35.231768], [-89.802422, 35.233885], [-89.80389, 35.234662], [-89.815266, 35.235231], [-89.819036, 35.236463], [-89.8262, 35.23034], [-89.828329, 35.229351], [-89.835668, 35.227003], [-89.836195, 35.216607], [-89.837398, 35.213939], [-89.840033, 35.21025], [-89.840655, 35.207378]]]}}, {"type": "Feature", "properties": {"GEOID": "47157020634", "name": "Census Tract 206.34"}, "geometry": {"type": "Polygon", "coordinates": [[[-89.848021, 35.204737], [-89.841422, 35.204866], [-89.840496, 35.204974], [-89.840562, 35.208564], [-89.839471, 35.211245], [-89.836628, 35.215275], [-89.836029, 35.218274], [-89.835954, 35.219621], [-89.835719, 35.227323], [-89.836238, 35.228938], [-89.839527, 35.228408], [-89.845341, 35.228477], [-89.845941, 35.227467], [-89.846785, 35.226653], [-89.845272, 35.224412], [-89.844705, 35.22257], [-89.847756, 35.213579], [-89.848021, 35.204737]]]}}, {"type": "Feature", "properties": {"GEOID": "47157020635", "name": "Census Tract 206.35"}, "geometry": {"type": "Polygon", "coordinates": [[[-89.837697, 35.238587], [-89.837771, 35.232586], [-89.835719, 35.227323], [-89.835668, 35.227003], [-89.82695, 35.229927], [-89.824222, 35.231886], [-89.819076, 35.236485], [-89.825524, 35.238713], [-89.825534, 35.241748], [-89.832479, 35.241857], [-89.836611, 35.241056], [-89.83759, 35.241096], [-89.837697, 35.238587]]]}}, {"type": "Feature", "properties": {"GEOID": "47157020642", "name": "Census Tract 206.42"}, "geometry": {"type": "GeometryCollection", "geometries": [{"type": "LineString", "coordinates": [[-89.784835, 35.261389], [-89.784663, 35.261377]]}, {"type": "Polygon", "coordinates": [[[-89.848925, 35.274011], [-89.846453, 35.27431], [-89.845895, 35.273761], [-89.84633, 35.273004], [-89.847197, 35.272512], [-89.847038, 35.271856], [-89.846159, 35.271699], [-89.846028, 35.271284], [-89.846354, 35.270872], [-89.846456, 35.269834], [-89.845867, 35.270048], [-89.845739, 35.269856], [-89.845907, 35.269307], [-89.845217, 35.268823], [-89.845337, 35.268461], [-89.845491, 35.268335], [-89.845009, 35.267813], [-89.844419, 35.267742], [-89.843535, 35.266254], [-89.843146, 35.266089], [-89.843334, 35.265787], [-89.840739, 35.258038], [-89.84027, 35.256884], [-89.840163, 35.256374], [-89.839948, 35.256015], [-89.842337, 35.256167], [-89.846194, 35.248901], [-89.846178, 35.247124], [-89.844641, 35.245112], [-89.843012, 35.244943], [-89.842778, 35.242387], [-89.84244, 35.241673], [-89.842459, 35.241196], [-89.835563, 35.241123], [-89.831417, 35.241946], [-89.825534, 35.241748], [-89.825524, 35.238713], [-89.815018, 35.235187], [-89.80342, 35.234546], [-89.802422, 35.233885], [-89.793456, 35.237451], [-89.793271, 35.247923], [-89.793043, 35.257883], [-89.79266, 35.25828], [-89.784835, 35.261389], [-89.77127, 35.266365], [-89.76861, 35.266913], [-89.768238, 35.271709], [-89.76608, 35.28106], [-89.807053, 35.278871], [-89.813763, 35.278513], [-89.848367, 35.276706], [-89.84869, 35.276034], [-89.848925, 35.274011]]]}]}}, {"type": "Feature", "properties": {"GEOID": "47157020643", "name": "Census Tract 206.43"}, "geometry": {"type": "Polygon", "coordinates": [[[-89.865299, 35.228705], [-89.865381, 35.223456], [-89.863736, 35.221285], [-89.857844, 35.223248], [-89.847594, 35.226126], [-89.845445, 35.228018], [-89.845341, 35.228477], [-89.83818, 35.228514], [-89.836277, 35.229031], [-89.837904, 35.233377], [-89.837649, 35.241098], [-89.842459, 35.241196], [-89.842637, 35.242206], [-89.842977, 35.243248], [-89.843012, 35.244943], [-89.844641, 35.245112], [-89.846271, 35.247457], [-89.846104, 35.249121], [-89.842337, 35.256167], [-89.848236, 35.256778], [-89.861467, 35.257909], [-89.861673, 35.254342], [-89.863834, 35.25152], [-89.864333, 35.242335], [-89.864951, 35.241208], [-89.865299, 35.228705]]]}}, {"type": "Feature", "properties": {"GEOID": "47157020644", "name": "Census Tract 206.44"}, "geometry": {"type": "Polygon", "coordinates": [[[-89.894186, 35.221404], [-89.891661, 35.220992], [-89.882447, 35.220724], [-89.878555, 35.220226], [-89.876333, 35.219867], [-89.872976, 35.218511], [-89.870305, 35.21847], [-89.867972, 35.218866], [-89.867458, 35.219539], [-89.863736, 35.221285], [-89.865512, 35.223911], [-89.865175, 35.230876], [-89.864823, 35.241714], [-89.864175, 35.242911], [-89.863771, 35.251702], [-89.861614, 35.254533], [-89.861467, 35.257909], [-89.839948, 35.256015], [-89.840357, 35.256626], [-89.84053, 35.257636], [-89.84139, 35.259971], [-89.843334, 35.265787], [-89.843233, 35.266215], [-89.843754, 35.26658], [-89.844419, 35.267742], [-89.84523, 35.268005], [-89.845491, 35.268335], [-89.845183, 35.268527], [-89.845217, 35.268823], [-89.845967, 35.269532], [-89.845739, 35.269856], [-89.845867, 35.270048], [-89.846456, 35.269834], [-89.846241, 35.271153], [-89.846028, 35.271284], [-89.846159, 35.271699], [-89.847038, 35.271856], [-89.847197, 35.272512], [-89.845913, 35.27344], [-89.846145, 35.274147], [-89.847393, 35.27431], [-89.848925, 35.274011], [-89.848645, 35.276411], [-89.848527, 35.276698], [-89.854515, 35.276274], [-89.875839, 35.25477], [-89.876373, 35.24114], [-89.880163, 35.241393], [-89.882381, 35.239726], [-89.883667, 35.237922], [-89.888195, 35.234177], [-89.892666, 35.228571], [-89.893717, 35.225446], [-89.894128, 35.223148], [-89.894186, 35.221404]]]}}, {"type": "Feature", "properties": {"GEOID": "47157020651", "name": "Census Tract 206.51"}, "geometry": {"type": "Polygon", "coordinates": [[[-89.894605, 35.207016], [-89.88795, 35.206348], [-89.882906, 35.205361], [-89.874303, 35.204588], [-89.871754, 35.204212], [-89.867672, 35.204246], [-89.864168, 35.204851], [-89.86317, 35.213609], [-89.862979, 35.218158], [-89.863142, 35.220418], [-89.863736, 35.221285], [-89.867818, 35.219283], [-89.868094, 35.218735], [-89.872134, 35.218394], [-89.874841, 35.219139], [-89.877309, 35.220142], [-89.880943, 35.220466], [-89.883458, 35.22086], [-89.892697, 35.221079], [-89.894187, 35.22134], [-89.894605, 35.207016]]]}}, {"type": "Feature", "properties": {"GEOID": "47157020652", "name": "Census Tract 206.52"}, "geometry": {"type": "Polygon", "coordinates": [[[-89.864168, 35.204851], [-89.855665, 35.204658], [-89.848021, 35.204737], [-89.847559, 35.214502], [-89.844705, 35.22257], [-89.845501, 35.224922], [-89.846785, 35.226653], [-89.848637, 35.225722], [-89.862484, 35.221823], [-89.863736, 35.221285], [-89.863, 35.219925], [-89.863297, 35.211118], [-89.864168, 35.204851]]]}}, {"type": "Feature", "properties": {"GEOID": "47157020700", "name": "Census Tract 207"}, "geometry": {"type": "Polygon", "coordinates": [[[-89.854319, 35.276379], [-89.813462, 35.278562], [-89.76608, 35.28106], [-89.765081, 35.285426], [-89.764552, 35.293692], [-89.762894, 35.296143], [-89.760971, 35.296166], [-89.760803, 35.29977], [-89.760178, 35.301979], [-89.761384, 35.30421], [-89.762457, 35.306266], [-89.762825, 35.307707], [-89.759916, 35.329921], [-89.757727, 35.332624], [-89.755801, 35.334861], [-89.754326, 35.33579], [-89.752145, 35.336824], [-89.750395, 35.339908], [-89.749298, 35.342164], [-89.747368, 35.343924], [-89.745128, 35.346836], [-89.743019, 35.352281], [-89.742268, 35.354167], [-89.741156, 35.356415], [-89.736957, 35.388922], [-89.735248, 35.390276], [-89.735074, 35.395922], [-89.733722, 35.396704], [-89.734405, 35.398772], [-89.736932, 35.401225], [-89.746255, 35.402237], [-89.772504, 35.40466], [-89.776736, 35.405173], [-89.778755, 35.38782], [-89.800398, 35.391309], [-89.811669, 35.390212], [-89.809469, 35.390081], [-89.809463, 35.388966], [-89.810207, 35.387889], [-89.809228, 35.386988], [-89.808765, 35.387065], [-89.808832, 35.386439], [-89.808531, 35.385901], [-89.809329, 35.385346], [-89.808296, 35.382496], [-89.806898, 35.379113], [-89.818252, 35.376926], [-89.821022, 35.377048], [-89.82241, 35.367928], [-89.822984, 35.367919], [-89.827661, 35.336141], [-89.830369, 35.336266], [-89.830783, 35.325269], [-89.833256, 35.323065], [-89.836605, 35.299915], [-89.831231, 35.29962], [-89.854319, 35.276379]]]}}, {"type": "Feature", "properties": {"GEOID": "47157020810", "name": "Census Tract 208.10"}, "geometry": {"type": "GeometryCollection", "geometries": [{"type": "LineString", "coordinates": [[-89.737136, 35.401349], [-89.737341, 35.401398]]}, {"type": "Polygon", "coordinates": [[[-89.766014, 35.281065], [-89.73144, 35.282847], [-89.72866, 35.282793], [-89.72206, 35.285421], [-89.714885, 35.288476], [-89.682854, 35.301983], [-89.672765, 35.306343], [-89.639137, 35.311234], [-89.637238, 35.314953], [-89.635762, 35.316399], [-89.632776, 35.375824], [-89.633992, 35.37627], [-89.635363, 35.376274], [-89.636528, 35.376862], [-89.637521, 35.376565], [-89.63668, 35.375177], [-89.636991, 35.374741], [-89.638025, 35.374636], [-89.638892, 35.375409], [-89.639629, 35.375619], [-89.640716, 35.375154], [-89.641258, 35.374573], [-89.642448, 35.374459], [-89.644575, 35.372614], [-89.644837, 35.37136], [-89.645437, 35.371293], [-89.646, 35.372265], [-89.64551, 35.372781], [-89.645402, 35.373314], [-89.644919, 35.373638], [-89.644785, 35.374248], [-89.644268, 35.37478], [-89.64518, 35.375283], [-89.644744, 35.375552], [-89.64457, 35.375766], [-89.645146, 35.376189], [-89.644328, 35.376568], [-89.644267, 35.376925], [-89.645226, 35.376876], [-89.645052, 35.3772], [-89.645139, 35.377623], [-89.644991, 35.377942], [-89.645105, 35.378529], [-89.644454, 35.378727], [-89.644508, 35.379194], [-89.645004, 35.379765], [-89.644278, 35.38127], [-89.644674, 35.382583], [-89.644613, 35.383011], [-89.642727, 35.385367], [-89.641801, 35.385823], [-89.64174, 35.386339], [-89.642465, 35.386449], [-89.642424, 35.387092], [-89.643082, 35.386856], [-89.643524, 35.38668], [-89.644, 35.387076], [-89.643739, 35.387554], [-89.642933, 35.387762], [-89.642796, 35.387983], [-89.669598, 35.388492], [-89.697521, 35.388923], [-89.702893, 35.389059], [-89.702378, 35.403886], [-89.703679, 35.403986], [-89.70248, 35.408584], [-89.70928, 35.409483], [-89.71018, 35.404384], [-89.720692, 35.406585], [-89.730186, 35.40675], [-89.730401, 35.406602], [-89.729911, 35.406371], [-89.729374, 35.406317], [-89.729421, 35.406091], [-89.73271, 35.405586], [-89.730814, 35.401111], [-89.737136, 35.401349], [-89.734075, 35.398238], [-89.733722, 35.396704], [-89.735074, 35.395922], [-89.735248, 35.390276], [-89.737051, 35.388712], [-89.741156, 35.356415], [-89.742268, 35.354167], [-89.745128, 35.346836], [-89.74788, 35.343406], [-89.749661, 35.341643], [-89.75169, 35.337377], [-89.752378, 35.336658], [-89.755381, 35.335188], [-89.757323, 35.333297], [-89.758551, 35.331386], [-89.760067, 35.329627], [-89.762781, 35.307257], [-89.761889, 35.304888], [-89.76025, 35.30232], [-89.76061, 35.3003], [-89.761032, 35.297309], [-89.760971, 35.296166], [-89.762894, 35.296143], [-89.764552, 35.293692], [-89.765266, 35.284099], [-89.766014, 35.281065]]]}]}}, {"type": "Feature", "properties": {"GEOID": "47157020820", "name": "Census Tract 208.20"}, "geometry": {"type": "Polygon", "coordinates": [[[-89.768727, 35.263611], [-89.764965, 35.264083], [-89.764915, 35.263394], [-89.764085, 35.262038], [-89.763245, 35.260893], [-89.762942, 35.259631], [-89.763519, 35.258751], [-89.763594, 35.256678], [-89.762918, 35.256041], [-89.76255, 35.25403], [-89.762144, 35.253973], [-89.762082, 35.252892], [-89.761958, 35.25255], [-89.762212, 35.252427], [-89.761948, 35.25206], [-89.761276, 35.251854], [-89.761374, 35.251388], [-89.760214, 35.250577], [-89.748797, 35.255071], [-89.748731, 35.251723], [-89.746919, 35.250537], [-89.74649, 35.24765], [-89.744552, 35.24562], [-89.743615, 35.244554], [-89.743916, 35.243367], [-89.744657, 35.241994], [-89.744224, 35.240252], [-89.744881, 35.238171], [-89.744142, 35.236087], [-89.742794, 35.233949], [-89.741475, 35.230615], [-89.739764, 35.229062], [-89.736874, 35.22324], [-89.734721, 35.216971], [-89.732765, 35.209838], [-89.732788, 35.205751], [-89.723573, 35.20568], [-89.719304, 35.205009], [-89.710419, 35.205472], [-89.695275, 35.206644], [-89.680187, 35.21083], [-89.675713, 35.211253], [-89.668389, 35.210511], [-89.663571, 35.210527], [-89.658283, 35.209827], [-89.650431, 35.210042], [-89.639109, 35.209579], [-89.637878, 35.20984], [-89.638378, 35.216145], [-89.637679, 35.256786], [-89.638679, 35.256886], [-89.63825, 35.26213], [-89.637703, 35.276631], [-89.685263, 35.251893], [-89.709091, 35.277221], [-89.711395, 35.286017], [-89.711919, 35.287429], [-89.712588, 35.288794], [-89.714676, 35.288043], [-89.716994, 35.287573], [-89.728363, 35.282853], [-89.730397, 35.282763], [-89.737875, 35.282633], [-89.766014, 35.281065], [-89.768238, 35.271709], [-89.768727, 35.263611]]]}}, {"type": "Feature", "properties": {"GEOID": "47157020831", "name": "Census Tract 208.31"}, "geometry": {"type": "GeometryCollection", "geometries": [{"type": "LineString", "coordinates": [[-89.772488, 35.204396], [-89.772324, 35.204474]]}, {"type": "Polygon", "coordinates": [[[-89.772324, 35.204474], [-89.746265, 35.204578], [-89.74062, 35.204818], [-89.732788, 35.205751], [-89.732881, 35.210599], [-89.736475, 35.222329], [-89.736969, 35.22346], [-89.750096, 35.215738], [-89.772324, 35.204474]]]}]}}, {"type": "Feature", "properties": {"GEOID": "47157020832", "name": "Census Tract 208.32"}, "geometry": {"type": "GeometryCollection", "geometries": [{"type": "LineString", "coordinates": [[-89.784835, 35.261389], [-89.785021, 35.2614]]}, {"type": "Polygon", "coordinates": [[[-89.793204, 35.255258], [-89.793313, 35.234281], [-89.791969, 35.22629], [-89.791765, 35.218248], [-89.792012, 35.204601], [-89.772324, 35.204474], [-89.747435, 35.217206], [-89.736969, 35.22346], [-89.739764, 35.229062], [-89.741836, 35.231169], [-89.743415, 35.235129], [-89.744585, 35.236885], [-89.744846, 35.238688], [-89.744219, 35.240474], [-89.744628, 35.242247], [-89.743651, 35.244074], [-89.743883, 35.245045], [-89.746251, 35.247274], [-89.746629, 35.248223], [-89.746919, 35.250537], [-89.748872, 35.251967], [-89.748797, 35.255071], [-89.760387, 35.250599], [-89.761374, 35.251388], [-89.761276, 35.251854], [-89.761948, 35.25206], [-89.762212, 35.252427], [-89.761886, 35.252698], [-89.762239, 35.253018], [-89.762144, 35.253973], [-89.76255, 35.25403], [-89.763014, 35.256193], [-89.763594, 35.256678], [-89.763485, 35.258918], [-89.762884, 35.259843], [-89.763372, 35.261286], [-89.764351, 35.262344], [-89.764836, 35.263625], [-89.764965, 35.264083], [-89.768727, 35.263611], [-89.768614, 35.266818], [-89.772885, 35.2659], [-89.784835, 35.261389], [-89.792953, 35.258067], [-89.793204, 35.255258]]]}]}}, {"type": "Feature", "properties": {"GEOID": "47157020900", "name": "Census Tract 209"}, "geometry": {"type": "GeometryCollection", "geometries": [{"type": "LineString", "coordinates": [[-89.716199, 35.287841], [-89.715933, 35.287963]]}, {"type": "Polygon", "coordinates": [[[-89.715933, 35.287963], [-89.714676, 35.288043], [-89.712588, 35.288794], [-89.711561, 35.286509], [-89.709987, 35.280527], [-89.708975, 35.277033], [-89.685263, 35.251893], [-89.637703, 35.276631], [-89.635762, 35.316399], [-89.637817, 35.314118], [-89.639137, 35.311234], [-89.672765, 35.306343], [-89.682854, 35.301983], [-89.715933, 35.287963]]]}]}}, {"type": "Feature", "properties": {"GEOID": "47157021010", "name": "Census Tract 210.10"}, "geometry": {"type": "Polygon", "coordinates": [[[-89.761792, 35.193276], [-89.761878, 35.189508], [-89.759464, 35.186078], [-89.757418, 35.184722], [-89.756058, 35.184293], [-89.756424, 35.179213], [-89.756801, 35.169318], [-89.757114, 35.16707], [-89.756961, 35.163785], [-89.741077, 35.163283], [-89.736358, 35.161522], [-89.733266, 35.160314], [-89.717778, 35.15973], [-89.715447, 35.159254], [-89.71045, 35.159299], [-89.708999, 35.158575], [-89.692549, 35.158347], [-89.691559, 35.159058], [-89.690745, 35.159842], [-89.688685, 35.159977], [-89.678324, 35.159602], [-89.675417, 35.159082], [-89.671548, 35.159195], [-89.663571, 35.159191], [-89.660061, 35.157497], [-89.641822, 35.157108], [-89.638476, 35.155892], [-89.63719, 35.199421], [-89.637878, 35.20984], [-89.640265, 35.209516], [-89.653275, 35.210054], [-89.659823, 35.2099], [-89.665265, 35.210621], [-89.670604, 35.210646], [-89.676585, 35.211268], [-89.681785, 35.21049], [-89.695275, 35.206644], [-89.716754, 35.205076], [-89.721, 35.205155], [-89.724305, 35.205743], [-89.73229, 35.205719], [-89.744019, 35.204551], [-89.753946, 35.204572], [-89.754477, 35.204485], [-89.754711, 35.199122], [-89.758174, 35.195758], [-89.761792, 35.193276]]]}}, {"type": "Feature", "properties": {"GEOID": "47157021020", "name": "Census Tract 210.20"}, "geometry": {"type": "GeometryCollection", "geometries": [{"type": "LineString", "coordinates": [[-89.71513, 35.10189], [-89.715081, 35.101758]]}, {"type": "Polygon", "coordinates": [[[-89.745259, 35.111011], [-89.745192, 35.110161], [-89.744266, 35.10954], [-89.742906, 35.109285], [-89.742938, 35.108469], [-89.743508, 35.107485], [-89.743541, 35.10695], [-89.741754, 35.107391], [-89.740464, 35.108533], [-89.739985, 35.109447], [-89.739503, 35.109569], [-89.737931, 35.108857], [-89.737371, 35.108826], [-89.737521, 35.109893], [-89.736992, 35.110656], [-89.736157, 35.110834], [-89.734072, 35.110433], [-89.731386, 35.105512], [-89.730646, 35.105132], [-89.727874, 35.106844], [-89.727152, 35.106526], [-89.726381, 35.105357], [-89.725014, 35.105318], [-89.724226, 35.105605], [-89.723495, 35.105129], [-89.723151, 35.1036], [-89.721665, 35.102861], [-89.719812, 35.10287], [-89.71798, 35.10337], [-89.717161, 35.102792], [-89.716946, 35.10236], [-89.716895, 35.10222], [-89.715528, 35.101765], [-89.71513, 35.10189], [-89.714319, 35.103082], [-89.713514, 35.10305], [-89.712948, 35.102301], [-89.713314, 35.101545], [-89.713718, 35.100554], [-89.713146, 35.099975], [-89.713903, 35.098998], [-89.713853, 35.09833], [-89.713363, 35.098247], [-89.712972, 35.09888], [-89.711174, 35.097496], [-89.711258, 35.09658], [-89.710716, 35.09627], [-89.709404, 35.096464], [-89.70905, 35.097346], [-89.7099, 35.09879], [-89.709334, 35.098772], [-89.708878, 35.098415], [-89.708506, 35.097858], [-89.707668, 35.097682], [-89.707831, 35.096962], [-89.706448, 35.09587], [-89.705916, 35.095775], [-89.705556, 35.096766], [-89.704843, 35.096838], [-89.703708, 35.095583], [-89.703946, 35.094666], [-89.703185, 35.094264], [-89.702586, 35.094974], [-89.702961, 35.095845], [-89.702221, 35.095894], [-89.701765, 35.095669], [-89.70185, 35.094694], [-89.701136, 35.094245], [-89.70039, 35.094582], [-89.699307, 35.094906], [-89.697445, 35.093968], [-89.6951, 35.093665], [-89.69421, 35.093727], [-89.694237, 35.093286], [-89.694806, 35.091868], [-89.694191, 35.091067], [-89.693269, 35.090939], [-89.692718, 35.09159], [-89.692897, 35.091742], [-89.692792, 35.093076], [-89.691967, 35.094021], [-89.691671, 35.093174], [-89.691249, 35.091987], [-89.690575, 35.091782], [-89.689969, 35.091787], [-89.689417, 35.092305], [-89.687796, 35.093271], [-89.688013, 35.09372], [-89.689355, 35.094145], [-89.68781, 35.094879], [-89.686771, 35.094538], [-89.686164, 35.093825], [-89.685657, 35.093651], [-89.685444, 35.094249], [-89.685621, 35.09496], [-89.683774, 35.095033], [-89.682628, 35.094927], [-89.682402, 35.095225], [-89.683344, 35.095937], [-89.68484, 35.096127], [-89.685059, 35.096401], [-89.68388, 35.096564], [-89.682843, 35.096366], [-89.681466, 35.096443], [-89.681031, 35.095215], [-89.679506, 35.09443], [-89.678708, 35.094574], [-89.678161, 35.094955], [-89.677257, 35.094665], [-89.676717, 35.093892], [-89.675411, 35.093843], [-89.67514, 35.093259], [-89.674315, 35.092958], [-89.673804, 35.093348], [-89.673316, 35.092308], [-89.672421, 35.092], [-89.671772, 35.091189], [-89.670557, 35.090823], [-89.669437, 35.091087], [-89.669008, 35.092124], [-89.668686, 35.092021], [-89.668591, 35.091292], [-89.667813, 35.091143], [-89.666669, 35.091855], [-89.665798, 35.092011], [-89.665594, 35.091743], [-89.666862, 35.090691], [-89.666447, 35.090125], [-89.66453, 35.089385], [-89.66394, 35.088865], [-89.664331, 35.088372], [-89.664388, 35.087819], [-89.663709, 35.087447], [-89.662679, 35.088124], [-89.661506, 35.086354], [-89.662132, 35.085504], [-89.661771, 35.084251], [-89.660833, 35.083936], [-89.659333, 35.084541], [-89.658323, 35.085037], [-89.65862, 35.085365], [-89.659493, 35.085561], [-89.658695, 35.086725], [-89.658579, 35.087183], [-89.658086, 35.087184], [-89.658495, 35.086128], [-89.657639, 35.085481], [-89.65604, 35.08504], [-89.655999, 35.08463], [-89.657039, 35.083416], [-89.656849, 35.083133], [-89.65606, 35.083135], [-89.655004, 35.083591], [-89.653037, 35.082087], [-89.652393, 35.081339], [-89.649321, 35.08157], [-89.647422, 35.081688], [-89.646388, 35.081039], [-89.645802, 35.081421], [-89.645404, 35.082629], [-89.643767, 35.08246], [-89.643484, 35.082087], [-89.644053, 35.081587], [-89.644671, 35.081041], [-89.644941, 35.080332], [-89.64386, 35.079884], [-89.642431, 35.080116], [-89.641289, 35.081336], [-89.640882, 35.081651], [-89.639541, 35.124407], [-89.638476, 35.155892], [-89.641986, 35.157143], [-89.660452, 35.15757], [-89.663571, 35.159191], [-89.671821, 35.159183], [-89.675417, 35.159082], [-89.678324, 35.159602], [-89.690395, 35.159958], [-89.691306, 35.159429], [-89.692323, 35.158417], [-89.704745, 35.158481], [-89.709508, 35.158692], [-89.710896, 35.159362], [-89.716702, 35.159395], [-89.718847, 35.159883], [-89.733519, 35.160367], [-89.740351, 35.163067], [-89.741763, 35.159666], [-89.743365, 35.154524], [-89.742543, 35.144836], [-89.739874, 35.136252], [-89.738562, 35.131853], [-89.738234, 35.130457], [-89.738549, 35.122433], [-89.738794, 35.119346], [-89.745259, 35.111011]]]}]}}, {"type": "Feature", "properties": {"GEOID": "47157021111", "name": "Census Tract 211.11"}, "geometry": {"type": "Polygon", "coordinates": [[[-89.882218, 35.158867], [-89.879891, 35.156998], [-89.879593, 35.15656], [-89.87592, 35.159426], [-89.872106, 35.161317], [-89.839278, 35.174051], [-89.836424, 35.17534], [-89.83588, 35.186066], [-89.836594, 35.196586], [-89.839408, 35.200551], [-89.85075, 35.18943], [-89.878144, 35.16252], [-89.882218, 35.158867]]]}}, {"type": "Feature", "properties": {"GEOID": "47157021112", "name": "Census Tract 211.12"}, "geometry": {"type": "Polygon", "coordinates": [[[-89.839408, 35.200551], [-89.836533, 35.196411], [-89.835844, 35.183947], [-89.836424, 35.17534], [-89.817311, 35.183923], [-89.813445, 35.18567], [-89.815045, 35.192723], [-89.814801, 35.204786], [-89.822183, 35.203903], [-89.834406, 35.205482], [-89.839408, 35.200551]]]}}, {"type": "Feature", "properties": {"GEOID": "47157021113", "name": "Census Tract 211.13"}, "geometry": {"type": "Polygon", "coordinates": [[[-89.814801, 35.204786], [-89.814907, 35.191464], [-89.813347, 35.185716], [-89.777572, 35.201827], [-89.772587, 35.204344], [-89.793858, 35.204695], [-89.814801, 35.204786]]]}}, {"type": "Feature", "properties": {"GEOID": "47157021121", "name": "Census Tract 211.21"}, "geometry": {"type": "Polygon", "coordinates": [[[-89.850438, 35.169642], [-89.849914, 35.169232], [-89.849479, 35.169386], [-89.849486, 35.169078], [-89.84878, 35.169276], [-89.848563, 35.169144], [-89.848215, 35.169485], [-89.847994, 35.16926], [-89.84774, 35.16932], [-89.84778, 35.168941], [-89.848248, 35.168996], [-89.848275, 35.168469], [-89.847419, 35.168469], [-89.847345, 35.16826], [-89.847893, 35.168112], [-89.847619, 35.16792], [-89.848174, 35.167519], [-89.847685, 35.165437], [-89.847932, 35.165234], [-89.847584, 35.164778], [-89.844275, 35.165752], [-89.831277, 35.166847], [-89.82808, 35.167714], [-89.827012, 35.168813], [-89.823971, 35.169643], [-89.819805, 35.172218], [-89.817151, 35.172369], [-89.81345, 35.171805], [-89.809887, 35.170829], [-89.806534, 35.172064], [-89.80523, 35.172332], [-89.798893, 35.172375], [-89.792904, 35.173323], [-89.792292, 35.195113], [-89.842552, 35.172675], [-89.850438, 35.169642]]]}}, {"type": "Feature", "properties": {"GEOID": "47157021122", "name": "Census Tract 211.22"}, "geometry": {"type": "Polygon", "coordinates": [[[-89.861455, 35.165419], [-89.860009, 35.163846], [-89.859548, 35.16284], [-89.859672, 35.162664], [-89.859499, 35.155733], [-89.858739, 35.156144], [-89.858559, 35.156932], [-89.850819, 35.156741], [-89.85152, 35.154114], [-89.843833, 35.152787], [-89.837109, 35.151436], [-89.836844, 35.166383], [-89.845409, 35.165561], [-89.847584, 35.164778], [-89.847932, 35.165234], [-89.847758, 35.165585], [-89.848174, 35.167519], [-89.847619, 35.16792], [-89.847793, 35.168249], [-89.847345, 35.16826], [-89.847606, 35.168579], [-89.848275, 35.168469], [-89.848248, 35.168996], [-89.84778, 35.168941], [-89.84774, 35.16932], [-89.848148, 35.169347], [-89.848382, 35.169507], [-89.848563, 35.169144], [-89.848984, 35.169347], [-89.849486, 35.169078], [-89.849479, 35.169386], [-89.850215, 35.169286], [-89.850438, 35.169642], [-89.861455, 35.165419]]]}}, {"type": "Feature", "properties": {"GEOID": "47157021124", "name": "Census Tract 211.24"}, "geometry": {"type": "Polygon", "coordinates": [[[-89.836844, 35.166383], [-89.837109, 35.151436], [-89.818488, 35.147868], [-89.817892, 35.147891], [-89.820538, 35.151204], [-89.817592, 35.154403], [-89.81702, 35.156781], [-89.816681, 35.160257], [-89.815289, 35.161748], [-89.813033, 35.163524], [-89.812366, 35.165165], [-89.812631, 35.166817], [-89.812879, 35.16728], [-89.814849, 35.169708], [-89.814998, 35.171392], [-89.814836, 35.172098], [-89.819143, 35.172384], [-89.820847, 35.171676], [-89.824595, 35.169384], [-89.827012, 35.168813], [-89.828409, 35.167499], [-89.83284, 35.166649], [-89.836844, 35.166383]]]}}, {"type": "Feature", "properties": {"GEOID": "47157021125", "name": "Census Tract 211.25"}, "geometry": {"type": "Polygon", "coordinates": [[[-89.820538, 35.151204], [-89.815386, 35.14493], [-89.810903, 35.142033], [-89.803246, 35.137991], [-89.802578, 35.136416], [-89.800923, 35.135979], [-89.796042, 35.135357], [-89.79533, 35.147253], [-89.795271, 35.149427], [-89.795303, 35.158152], [-89.801476, 35.158571], [-89.803997, 35.159252], [-89.806441, 35.159642], [-89.809518, 35.161848], [-89.813033, 35.163524], [-89.816386, 35.160709], [-89.81689, 35.159132], [-89.817383, 35.154884], [-89.818409, 35.153305], [-89.820538, 35.151204]]]}}, {"type": "Feature", "properties": {"GEOID": "47157021126", "name": "Census Tract 211.26"}, "geometry": {"type": "Polygon", "coordinates": [[[-89.814825, 35.172065], [-89.814991, 35.17005], [-89.813763, 35.168281], [-89.812529, 35.166572], [-89.812448, 35.164728], [-89.813033, 35.163524], [-89.80816, 35.160999], [-89.806441, 35.159642], [-89.802097, 35.158805], [-89.800259, 35.158367], [-89.795303, 35.158152], [-89.794284, 35.163628], [-89.793119, 35.168268], [-89.793039, 35.169072], [-89.792904, 35.173323], [-89.800873, 35.172235], [-89.806022, 35.172279], [-89.809645, 35.170855], [-89.811622, 35.171238], [-89.814825, 35.172065]]]}}, {"type": "Feature", "properties": {"GEOID": "47157021135", "name": "Census Tract 211.35"}, "geometry": {"type": "Polygon", "coordinates": [[[-89.795069, 35.159947], [-89.795217, 35.154376], [-89.795247, 35.150354], [-89.784063, 35.153408], [-89.777463, 35.155432], [-89.777556, 35.155891], [-89.780279, 35.155948], [-89.780303, 35.159855], [-89.780492, 35.163091], [-89.780221, 35.173617], [-89.777792, 35.173802], [-89.774421, 35.174702], [-89.772638, 35.176118], [-89.772051, 35.177209], [-89.775506, 35.178181], [-89.778237, 35.179332], [-89.782739, 35.17956], [-89.78467, 35.180405], [-89.786877, 35.181562], [-89.792727, 35.181835], [-89.793192, 35.167703], [-89.795069, 35.159947]]]}}, {"type": "Feature", "properties": {"GEOID": "47157021136", "name": "Census Tract 211.36"}, "geometry": {"type": "GeometryCollection", "geometries": [{"type": "LineString", "coordinates": [[-89.751919, 35.163682], [-89.751736, 35.163678]]}, {"type": "Polygon", "coordinates": [[[-89.780221, 35.173617], [-89.78044, 35.160624], [-89.78023, 35.157437], [-89.780279, 35.155948], [-89.777454, 35.155775], [-89.777463, 35.155432], [-89.75682, 35.161179], [-89.754157, 35.162155], [-89.752193, 35.163338], [-89.751919, 35.163682], [-89.756961, 35.163785], [-89.757045, 35.168447], [-89.756655, 35.171292], [-89.75658, 35.177377], [-89.760217, 35.17727], [-89.762322, 35.176318], [-89.764756, 35.174513], [-89.76682, 35.174357], [-89.768523, 35.17491], [-89.7712, 35.176965], [-89.772051, 35.177209], [-89.77327, 35.175436], [-89.775321, 35.174394], [-89.779409, 35.173585], [-89.780221, 35.173617]]]}]}}, {"type": "Feature", "properties": {"GEOID": "47157021137", "name": "Census Tract 211.37"}, "geometry": {"type": "Polygon", "coordinates": [[[-89.796042, 35.135357], [-89.793955, 35.134883], [-89.785051, 35.131247], [-89.785278, 35.130306], [-89.781158, 35.129683], [-89.777197, 35.127871], [-89.776619, 35.127776], [-89.770731, 35.127472], [-89.770588, 35.132699], [-89.76929, 35.135148], [-89.769101, 35.142187], [-89.767921, 35.142268], [-89.767815, 35.149625], [-89.771446, 35.149759], [-89.771348, 35.156928], [-89.795247, 35.150354], [-89.79592, 35.136151], [-89.796042, 35.135357]]]}}, {"type": "Feature", "properties": {"GEOID": "47157021138", "name": "Census Tract 211.38"}, "geometry": {"type": "Polygon", "coordinates": [[[-89.771446, 35.149759], [-89.767815, 35.149625], [-89.767921, 35.142268], [-89.769101, 35.142187], [-89.769407, 35.134814], [-89.770741, 35.132221], [-89.770658, 35.12748], [-89.75873, 35.128705], [-89.755575, 35.129733], [-89.752421, 35.128509], [-89.750174, 35.127998], [-89.748372, 35.1274], [-89.743828, 35.128555], [-89.738483, 35.129557], [-89.738267, 35.130968], [-89.742757, 35.145852], [-89.743318, 35.154832], [-89.740769, 35.162298], [-89.740351, 35.163067], [-89.742972, 35.163445], [-89.751736, 35.163678], [-89.754853, 35.161836], [-89.75682, 35.161179], [-89.771348, 35.156928], [-89.771446, 35.149759]]]}}, {"type": "Feature", "properties": {"GEOID": "47157021139", "name": "Census Tract 211.39"}, "geometry": {"type": "Polygon", "coordinates": [[[-89.79286, 35.112634], [-89.791586, 35.111688], [-89.782617, 35.107932], [-89.77608, 35.105351], [-89.766265, 35.10371], [-89.763536, 35.103234], [-89.762103, 35.103077], [-89.755015, 35.104525], [-89.750018, 35.105601], [-89.749621, 35.105516], [-89.743541, 35.10695], [-89.743315, 35.107713], [-89.742807, 35.109052], [-89.743239, 35.109439], [-89.744741, 35.109735], [-89.745309, 35.11042], [-89.745065, 35.111351], [-89.738794, 35.119346], [-89.738465, 35.125464], [-89.73834, 35.129496], [-89.746425, 35.127971], [-89.748571, 35.12739], [-89.751825, 35.128423], [-89.753312, 35.128747], [-89.755575, 35.129733], [-89.759841, 35.128487], [-89.770658, 35.12748], [-89.771208, 35.125028], [-89.771422, 35.11769], [-89.773325, 35.117482], [-89.77531, 35.117032], [-89.776872, 35.117046], [-89.776929, 35.114725], [-89.778986, 35.114722], [-89.779492, 35.114186], [-89.79286, 35.112634]]]}}, {"type": "Feature", "properties": {"GEOID": "47157021140", "name": "Census Tract 211.40"}, "geometry": {"type": "Polygon", "coordinates": [[[-89.800972, 35.116909], [-89.796603, 35.116003], [-89.794796, 35.114661], [-89.792948, 35.11273], [-89.779492, 35.114186], [-89.778986, 35.114722], [-89.776929, 35.114725], [-89.776872, 35.117046], [-89.774517, 35.117189], [-89.771616, 35.117687], [-89.771422, 35.11769], [-89.771362, 35.121768], [-89.77096, 35.126622], [-89.770731, 35.127472], [-89.776619, 35.127776], [-89.779474, 35.128769], [-89.78171, 35.129835], [-89.785278, 35.130306], [-89.785051, 35.131247], [-89.794993, 35.135241], [-89.796042, 35.135357], [-89.800972, 35.116909]]]}}, {"type": "Feature", "properties": {"GEOID": "47157021141", "name": "Census Tract 211.41"}, "geometry": {"type": "Polygon", "coordinates": [[[-89.777635, 35.179175], [-89.776634, 35.178767], [-89.773961, 35.177627], [-89.770856, 35.17681], [-89.767987, 35.174639], [-89.765627, 35.174319], [-89.764, 35.174902], [-89.761584, 35.176775], [-89.759261, 35.177398], [-89.756592, 35.177469], [-89.756086, 35.183549], [-89.756229, 35.184337], [-89.758746, 35.185453], [-89.761076, 35.188108], [-89.761967, 35.190015], [-89.761695, 35.193432], [-89.757455, 35.196346], [-89.754633, 35.199251], [-89.754477, 35.204485], [-89.764083, 35.204479], [-89.763933, 35.199996], [-89.764688, 35.195727], [-89.765829, 35.194295], [-89.767672, 35.194132], [-89.773014, 35.194143], [-89.774101, 35.193241], [-89.774521, 35.189964], [-89.775564, 35.189058], [-89.777018, 35.188825], [-89.776849, 35.186831], [-89.775387, 35.185278], [-89.776321, 35.182235], [-89.777635, 35.179175]]]}}, {"type": "Feature", "properties": {"GEOID": "47157021142", "name": "Census Tract 211.42"}, "geometry": {"type": "Polygon", "coordinates": [[[-89.792727, 35.181835], [-89.786877, 35.181562], [-89.784524, 35.180303], [-89.782454, 35.179508], [-89.778237, 35.179332], [-89.777701, 35.179197], [-89.775354, 35.184883], [-89.775654, 35.185737], [-89.777011, 35.187159], [-89.777018, 35.188825], [-89.775564, 35.189058], [-89.774452, 35.190089], [-89.774013, 35.193408], [-89.773014, 35.194143], [-89.766108, 35.194191], [-89.765149, 35.194951], [-89.764416, 35.196799], [-89.763887, 35.201592], [-89.764083, 35.204479], [-89.772587, 35.204344], [-89.785741, 35.198063], [-89.792264, 35.195125], [-89.792406, 35.191997], [-89.792727, 35.181835]]]}}, {"type": "Feature", "properties": {"GEOID": "47157021200", "name": "Census Tract 212"}, "geometry": {"type": "Polygon", "coordinates": [[[-89.879538, 35.156481], [-89.878594, 35.150872], [-89.878534, 35.150417], [-89.853984, 35.153993], [-89.85152, 35.154114], [-89.850819, 35.156741], [-89.858559, 35.156932], [-89.858866, 35.156013], [-89.859499, 35.155733], [-89.859714, 35.162835], [-89.859548, 35.16284], [-89.860312, 35.164223], [-89.861488, 35.165406], [-89.874228, 35.160406], [-89.878226, 35.157719], [-89.879538, 35.156481]]]}}, {"type": "Feature", "properties": {"GEOID": "47157021311", "name": "Census Tract 213.11"}, "geometry": {"type": "Polygon", "coordinates": [[[-89.870018, 35.10407], [-89.854916, 35.101054], [-89.839294, 35.098236], [-89.839157, 35.100291], [-89.840037, 35.102133], [-89.842041, 35.104418], [-89.84232, 35.106451], [-89.841974, 35.109156], [-89.839766, 35.111849], [-89.839298, 35.119411], [-89.835575, 35.118901], [-89.835037, 35.120485], [-89.834902, 35.12065], [-89.835485, 35.120951], [-89.836495, 35.121242], [-89.836478, 35.121403], [-89.841174, 35.120723], [-89.843977, 35.12135], [-89.845663, 35.123494], [-89.84762, 35.125401], [-89.849744, 35.127776], [-89.853882, 35.131939], [-89.855095, 35.132807], [-89.855332, 35.132635], [-89.857766, 35.131211], [-89.860533, 35.130739], [-89.867541, 35.130908], [-89.869695, 35.112428], [-89.870018, 35.10407]]]}}, {"type": "Feature", "properties": {"GEOID": "47157021312", "name": "Census Tract 213.12"}, "geometry": {"type": "Polygon", "coordinates": [[[-89.842123, 35.108846], [-89.842246, 35.104953], [-89.841151, 35.103248], [-89.839429, 35.101211], [-89.839082, 35.099424], [-89.839294, 35.098236], [-89.834806, 35.09771], [-89.834949, 35.099792], [-89.835125, 35.102007], [-89.835349, 35.104175], [-89.834019, 35.104278], [-89.832554, 35.106028], [-89.831934, 35.105834], [-89.831717, 35.106414], [-89.833105, 35.108217], [-89.834196, 35.108531], [-89.834066, 35.111276], [-89.833236, 35.111485], [-89.833243, 35.114218], [-89.834381, 35.116338], [-89.833919, 35.116514], [-89.834073, 35.11683], [-89.834254, 35.116947], [-89.833886, 35.117491], [-89.834274, 35.117326], [-89.834388, 35.117716], [-89.835257, 35.117892], [-89.835732, 35.118343], [-89.835575, 35.118901], [-89.839298, 35.119411], [-89.839843, 35.111642], [-89.842123, 35.108846]]]}}, {"type": "Feature", "properties": {"GEOID": "47157021320", "name": "Census Tract 213.20"}, "geometry": {"type": "Polygon", "coordinates": [[[-89.871018, 35.089382], [-89.865213, 35.088938], [-89.863822, 35.088271], [-89.861622, 35.08646], [-89.859887, 35.086012], [-89.854951, 35.085758], [-89.853196, 35.084715], [-89.85205, 35.082568], [-89.846083, 35.082558], [-89.844079, 35.082917], [-89.830699, 35.082841], [-89.830268, 35.094708], [-89.844342, 35.09685], [-89.845436, 35.097179], [-89.845572, 35.099319], [-89.866106, 35.103225], [-89.868787, 35.103828], [-89.870018, 35.10407], [-89.870435, 35.090944], [-89.871018, 35.089382]]]}}, {"type": "Feature", "properties": {"GEOID": "47157021331", "name": "Census Tract 213.31"}, "geometry": {"type": "Polygon", "coordinates": [[[-89.892974, 35.083347], [-89.890992, 35.082145], [-89.887706, 35.083034], [-89.885832, 35.083063], [-89.88497, 35.08331], [-89.882452, 35.082838], [-89.878979, 35.081424], [-89.874347, 35.07874], [-89.873738, 35.078278], [-89.872786, 35.078206], [-89.870501, 35.07677], [-89.869249, 35.076167], [-89.865, 35.074101], [-89.85893, 35.072146], [-89.857216, 35.071183], [-89.855689, 35.070143], [-89.843602, 35.065459], [-89.842916, 35.069236], [-89.842478, 35.071699], [-89.842413, 35.080115], [-89.843008, 35.080839], [-89.845514, 35.082721], [-89.847057, 35.08247], [-89.85205, 35.082568], [-89.853196, 35.084715], [-89.854951, 35.085758], [-89.860918, 35.086187], [-89.862455, 35.08702], [-89.864407, 35.088632], [-89.866029, 35.089082], [-89.871018, 35.089382], [-89.872772, 35.087098], [-89.875, 35.085552], [-89.87823, 35.084481], [-89.890233, 35.083856], [-89.892974, 35.083347]]]}}, {"type": "Feature", "properties": {"GEOID": "47157021333", "name": "Census Tract 213.33"}, "geometry": {"type": "Polygon", "coordinates": [[[-89.845514, 35.082721], [-89.842494, 35.080276], [-89.842341, 35.075876], [-89.842676, 35.070052], [-89.843023, 35.068598], [-89.83952, 35.066778], [-89.838877, 35.066157], [-89.835863, 35.067895], [-89.834035, 35.066224], [-89.826669, 35.065841], [-89.824604, 35.065819], [-89.82065, 35.066619], [-89.819013, 35.067244], [-89.817499, 35.067963], [-89.812444, 35.068094], [-89.812253, 35.077466], [-89.829559, 35.077701], [-89.829514, 35.082804], [-89.845245, 35.082797], [-89.845514, 35.082721]]]}}, {"type": "Feature", "properties": {"GEOID": "47157021334", "name": "Census Tract 213.34"}, "geometry": {"type": "Polygon", "coordinates": [[[-89.843602, 35.065459], [-89.839058, 35.062957], [-89.822366, 35.052393], [-89.818909, 35.049745], [-89.815651, 35.050672], [-89.812981, 35.050428], [-89.812444, 35.068094], [-89.817876, 35.067883], [-89.820452, 35.06668], [-89.823831, 35.06593], [-89.82632, 35.065786], [-89.830314, 35.066078], [-89.834195, 35.066295], [-89.835863, 35.067895], [-89.838877, 35.066157], [-89.84064, 35.067503], [-89.843023, 35.068598], [-89.843602, 35.065459]]]}}, {"type": "Feature", "properties": {"GEOID": "47157021341", "name": "Census Tract 213.41"}, "geometry": {"type": "Polygon", "coordinates": [[[-89.81085, 35.088618], [-89.810583, 35.086908], [-89.790524, 35.071052], [-89.788092, 35.067429], [-89.785964, 35.064294], [-89.783908, 35.063106], [-89.775484, 35.061555], [-89.771827, 35.061737], [-89.761788, 35.062852], [-89.749974, 35.061901], [-89.746225, 35.06072], [-89.743552, 35.059042], [-89.74029, 35.056297], [-89.740144, 35.056434], [-89.74675, 35.061906], [-89.767574, 35.072264], [-89.808783, 35.092728], [-89.809848, 35.090044], [-89.81085, 35.088618]]]}}, {"type": "Feature", "properties": {"GEOID": "47157021342", "name": "Census Tract 213.42"}, "geometry": {"type": "Polygon", "coordinates": [[[-89.818823, 35.04969], [-89.815698, 35.048062], [-89.812557, 35.04686], [-89.809442, 35.045438], [-89.796047, 35.03978], [-89.795788, 35.047185], [-89.795348, 35.048385], [-89.736426, 35.047157], [-89.732709, 35.047123], [-89.732461, 35.051587], [-89.736095, 35.053172], [-89.740144, 35.056434], [-89.74029, 35.056297], [-89.744865, 35.060005], [-89.748734, 35.061638], [-89.755351, 35.062436], [-89.762564, 35.062828], [-89.774416, 35.061517], [-89.778104, 35.061913], [-89.784455, 35.063335], [-89.78633, 35.064676], [-89.790524, 35.071052], [-89.810566, 35.08682], [-89.810226, 35.084033], [-89.809925, 35.082976], [-89.809928, 35.080117], [-89.811904, 35.080165], [-89.812366, 35.073945], [-89.812981, 35.050428], [-89.815983, 35.050647], [-89.818823, 35.04969]]]}}, {"type": "Feature", "properties": {"GEOID": "47157021351", "name": "Census Tract 213.51"}, "geometry": {"type": "Polygon", "coordinates": [[[-89.808772, 35.092754], [-89.790935, 35.083919], [-89.790545, 35.085317], [-89.790575, 35.093158], [-89.790748, 35.095379], [-89.789725, 35.096364], [-89.789364, 35.098111], [-89.788863, 35.09877], [-89.79062, 35.101522], [-89.790665, 35.102332], [-89.790123, 35.102357], [-89.789719, 35.102306], [-89.78936, 35.103464], [-89.788287, 35.103598], [-89.787455, 35.104414], [-89.787551, 35.104637], [-89.786129, 35.105291], [-89.785787, 35.106416], [-89.785196, 35.106927], [-89.787084, 35.108275], [-89.786662, 35.109617], [-89.792402, 35.11217], [-89.796015, 35.115688], [-89.79619, 35.115797], [-89.798523, 35.11649], [-89.800972, 35.116909], [-89.805579, 35.100195], [-89.808772, 35.092754]]]}}, {"type": "Feature", "properties": {"GEOID": "47157021352", "name": "Census Tract 213.52"}, "geometry": {"type": "Polygon", "coordinates": [[[-89.790935, 35.083919], [-89.770237, 35.073591], [-89.770122, 35.074458], [-89.768494, 35.075407], [-89.768569, 35.077498], [-89.768919, 35.078292], [-89.768493, 35.078482], [-89.768196, 35.080397], [-89.767958, 35.080676], [-89.76932, 35.083105], [-89.769981, 35.084963], [-89.769, 35.089991], [-89.76542, 35.094002], [-89.765319, 35.096408], [-89.764938, 35.096878], [-89.764576, 35.098524], [-89.763354, 35.100054], [-89.763335, 35.10261], [-89.763536, 35.103234], [-89.766886, 35.103784], [-89.77352, 35.104893], [-89.777562, 35.105813], [-89.781918, 35.107589], [-89.786662, 35.109617], [-89.786991, 35.108118], [-89.785196, 35.106927], [-89.785995, 35.106211], [-89.786129, 35.105291], [-89.787551, 35.104637], [-89.78763, 35.104218], [-89.788513, 35.103504], [-89.78936, 35.103464], [-89.789719, 35.102306], [-89.79047, 35.102474], [-89.790753, 35.101939], [-89.79048, 35.101121], [-89.788863, 35.09877], [-89.789718, 35.097149], [-89.789852, 35.096155], [-89.790802, 35.095247], [-89.790429, 35.091555], [-89.790693, 35.084612], [-89.790935, 35.083919]]]}}, {"type": "Feature", "properties": {"GEOID": "47157021353", "name": "Census Tract 213.53"}, "geometry": {"type": "Polygon", "coordinates": [[[-89.770237, 35.073591], [-89.746134, 35.061509], [-89.736095, 35.053172], [-89.732462, 35.051607], [-89.732303, 35.054153], [-89.731937, 35.065582], [-89.73053, 35.068742], [-89.730113, 35.074458], [-89.729604, 35.093046], [-89.731539, 35.105631], [-89.73423, 35.11055], [-89.736719, 35.110789], [-89.737404, 35.110233], [-89.737593, 35.109504], [-89.737371, 35.108826], [-89.7389, 35.109278], [-89.739757, 35.109555], [-89.740319, 35.108922], [-89.74083, 35.108135], [-89.742317, 35.107181], [-89.744538, 35.106783], [-89.749861, 35.105428], [-89.750018, 35.105601], [-89.762734, 35.103044], [-89.763483, 35.103218], [-89.763354, 35.100054], [-89.764232, 35.099017], [-89.764931, 35.097313], [-89.765098, 35.096523], [-89.765426, 35.096023], [-89.765581, 35.093651], [-89.769, 35.089991], [-89.769981, 35.084963], [-89.768555, 35.081578], [-89.767958, 35.080676], [-89.768351, 35.080245], [-89.768493, 35.078482], [-89.768919, 35.078292], [-89.768465, 35.076757], [-89.768663, 35.075309], [-89.770144, 35.074284], [-89.770237, 35.073591]]]}}, {"type": "Feature", "properties": {"GEOID": "47157021410", "name": "Census Tract 214.10"}, "geometry": {"type": "Polygon", "coordinates": [[[-89.836495, 35.121242], [-89.835043, 35.120862], [-89.834902, 35.12065], [-89.835271, 35.119984], [-89.835584, 35.118249], [-89.83515, 35.117744], [-89.834388, 35.117716], [-89.834274, 35.117326], [-89.833886, 35.117491], [-89.834254, 35.116947], [-89.833866, 35.116728], [-89.83408, 35.116442], [-89.834421, 35.116195], [-89.833243, 35.114218], [-89.833376, 35.111378], [-89.834066, 35.111276], [-89.834079, 35.108371], [-89.83299, 35.108119], [-89.831717, 35.106414], [-89.831934, 35.105834], [-89.832554, 35.106028], [-89.834238, 35.104185], [-89.835349, 35.104175], [-89.834949, 35.099792], [-89.834806, 35.09771], [-89.821645, 35.096175], [-89.822336, 35.09861], [-89.823453, 35.101887], [-89.823953, 35.102227], [-89.823447, 35.115432], [-89.823121, 35.116424], [-89.821435, 35.116157], [-89.819161, 35.118156], [-89.822578, 35.118698], [-89.826068, 35.119426], [-89.836167, 35.121389], [-89.836495, 35.121242]]]}}, {"type": "Feature", "properties": {"GEOID": "47157021420", "name": "Census Tract 214.20"}, "geometry": {"type": "Polygon", "coordinates": [[[-89.823947, 35.10206], [-89.823386, 35.101746], [-89.821645, 35.096175], [-89.815301, 35.095309], [-89.814182, 35.095021], [-89.811357, 35.094003], [-89.808772, 35.092754], [-89.805153, 35.101539], [-89.800972, 35.116909], [-89.803203, 35.117268], [-89.805903, 35.116362], [-89.808664, 35.116213], [-89.819126, 35.118147], [-89.821435, 35.116157], [-89.823121, 35.116424], [-89.823563, 35.114149], [-89.823947, 35.10206]]]}}, {"type": "Feature", "properties": {"GEOID": "47157021430", "name": "Census Tract 214.30"}, "geometry": {"type": "Polygon", "coordinates": [[[-89.845572, 35.099319], [-89.845436, 35.097179], [-89.840975, 35.096239], [-89.830268, 35.094708], [-89.830699, 35.082841], [-89.829514, 35.082804], [-89.829559, 35.077701], [-89.812253, 35.077466], [-89.811904, 35.080165], [-89.809928, 35.080117], [-89.809852, 35.081832], [-89.809925, 35.082976], [-89.810225, 35.084173], [-89.810813, 35.088793], [-89.809527, 35.090642], [-89.808783, 35.092728], [-89.81359, 35.094838], [-89.818152, 35.095774], [-89.842224, 35.098725], [-89.845572, 35.099319]]]}}, {"type": "Feature", "properties": {"GEOID": "47157021510", "name": "Census Tract 215.10"}, "geometry": {"type": "Polygon", "coordinates": [[[-89.796126, 35.022741], [-89.795719, 35.018065], [-89.795357, 34.994564], [-89.787354, 34.994403], [-89.759652, 34.994671], [-89.759688, 35.029439], [-89.759814, 35.047345], [-89.759924, 35.047682], [-89.79551, 35.048326], [-89.795953, 35.045392], [-89.795799, 35.025016], [-89.796126, 35.022741]]]}}, {"type": "Feature", "properties": {"GEOID": "47157021520", "name": "Census Tract 215.20"}, "geometry": {"type": "GeometryCollection", "geometries": [{"type": "LineString", "coordinates": [[-89.657555, 35.021161], [-89.657752, 35.02154]]}, {"type": "Polygon", "coordinates": [[[-89.759924, 35.047682], [-89.759656, 35.036645], [-89.759584, 35.026564], [-89.759612, 34.994669], [-89.723139, 34.994891], [-89.718485, 34.995293], [-89.681448, 34.995147], [-89.64405, 34.995291], [-89.643868, 35.012071], [-89.653953, 35.018102], [-89.657555, 35.021161], [-89.657638, 35.020853], [-89.688936, 35.020741], [-89.68913, 35.046052], [-89.705432, 35.046513], [-89.721813, 35.048465], [-89.732461, 35.051587], [-89.732709, 35.047123], [-89.759924, 35.047682]]]}]}}, {"type": "Feature", "properties": {"GEOID": "47157021530", "name": "Census Tract 215.30"}, "geometry": {"type": "Polygon", "coordinates": [[[-89.732003, 35.065282], [-89.732462, 35.051607], [-89.72062, 35.048202], [-89.705432, 35.046513], [-89.689124, 35.046233], [-89.688804, 35.049239], [-89.686441, 35.052313], [-89.686079, 35.055004], [-89.685616, 35.068953], [-89.7304, 35.069817], [-89.730867, 35.06766], [-89.732003, 35.065282]]]}}, {"type": "Feature", "properties": {"GEOID": "47157021540", "name": "Census Tract 215.40"}, "geometry": {"type": "GeometryCollection", "geometries": [{"type": "LineString", "coordinates": [[-89.731539, 35.105631], [-89.731386, 35.105512]]}, {"type": "Polygon", "coordinates": [[[-89.731386, 35.105512], [-89.730318, 35.097365], [-89.729545, 35.091425], [-89.730304, 35.070703], [-89.7304, 35.069817], [-89.685616, 35.068953], [-89.685368, 35.074581], [-89.667307, 35.07423], [-89.663552, 35.074548], [-89.653605, 35.074332], [-89.651813, 35.078464], [-89.651421, 35.081329], [-89.652584, 35.081405], [-89.653802, 35.082679], [-89.655004, 35.083591], [-89.656476, 35.083018], [-89.657031, 35.083226], [-89.656617, 35.083983], [-89.655918, 35.084834], [-89.65628, 35.085054], [-89.658153, 35.085781], [-89.658491, 35.086265], [-89.658086, 35.087184], [-89.658579, 35.087183], [-89.658986, 35.086192], [-89.659493, 35.085561], [-89.658412, 35.085222], [-89.658467, 35.084864], [-89.660402, 35.084117], [-89.661202, 35.083967], [-89.661964, 35.084498], [-89.662064, 35.085808], [-89.661506, 35.086354], [-89.662679, 35.088124], [-89.663709, 35.087447], [-89.664388, 35.087819], [-89.66411, 35.088725], [-89.664017, 35.089032], [-89.665829, 35.089979], [-89.666754, 35.090354], [-89.66678, 35.0909], [-89.665594, 35.091743], [-89.666016, 35.092064], [-89.66681, 35.091767], [-89.667813, 35.091143], [-89.668591, 35.091292], [-89.668771, 35.092147], [-89.669171, 35.091972], [-89.669605, 35.091062], [-89.671007, 35.09089], [-89.672158, 35.091499], [-89.672649, 35.092202], [-89.673316, 35.092308], [-89.673653, 35.092879], [-89.673804, 35.093348], [-89.674519, 35.092947], [-89.675253, 35.093461], [-89.675537, 35.093943], [-89.676717, 35.093892], [-89.677587, 35.094869], [-89.678365, 35.094896], [-89.678879, 35.094546], [-89.679721, 35.094472], [-89.681201, 35.095377], [-89.681466, 35.096443], [-89.6837, 35.096433], [-89.684803, 35.096527], [-89.685059, 35.096401], [-89.684324, 35.095938], [-89.683344, 35.095937], [-89.682402, 35.095225], [-89.683025, 35.094852], [-89.685366, 35.095055], [-89.685666, 35.094699], [-89.685548, 35.093839], [-89.685927, 35.093698], [-89.686686, 35.09436], [-89.687173, 35.094795], [-89.687988, 35.094754], [-89.689355, 35.094145], [-89.687876, 35.093598], [-89.687994, 35.09303], [-89.689898, 35.092], [-89.689969, 35.091787], [-89.691249, 35.091987], [-89.691674, 35.093337], [-89.691967, 35.094021], [-89.692914, 35.092801], [-89.692885, 35.091562], [-89.692746, 35.091435], [-89.693483, 35.090872], [-89.694608, 35.091399], [-89.694704, 35.092317], [-89.694073, 35.093615], [-89.694569, 35.093771], [-89.696496, 35.093735], [-89.698038, 35.094187], [-89.699307, 35.094906], [-89.70039, 35.094582], [-89.701136, 35.094245], [-89.70185, 35.094694], [-89.701868, 35.095802], [-89.702829, 35.095932], [-89.702927, 35.095523], [-89.702586, 35.094974], [-89.703185, 35.094264], [-89.703946, 35.094666], [-89.703813, 35.095795], [-89.704843, 35.096838], [-89.705691, 35.096672], [-89.70609, 35.095744], [-89.707831, 35.096962], [-89.707668, 35.097682], [-89.708684, 35.097974], [-89.709077, 35.098739], [-89.709726, 35.098916], [-89.709916, 35.098655], [-89.709061, 35.097129], [-89.709404, 35.096464], [-89.710925, 35.096327], [-89.711338, 35.096705], [-89.711317, 35.097726], [-89.712558, 35.098575], [-89.712972, 35.09888], [-89.713363, 35.098247], [-89.713939, 35.098457], [-89.713684, 35.09944], [-89.713191, 35.100108], [-89.713752, 35.10071], [-89.712948, 35.102301], [-89.713514, 35.10305], [-89.714319, 35.103082], [-89.71513, 35.10189], [-89.716286, 35.101897], [-89.716895, 35.10222], [-89.716946, 35.10236], [-89.717581, 35.103219], [-89.718585, 35.103327], [-89.720277, 35.102833], [-89.722171, 35.102996], [-89.723151, 35.1036], [-89.723617, 35.105285], [-89.724226, 35.105605], [-89.725901, 35.105235], [-89.72668, 35.105601], [-89.727347, 35.106754], [-89.727874, 35.106844], [-89.730646, 35.105132], [-89.731386, 35.105512]]]}]}}, {"type": "Feature", "properties": {"GEOID": "47157021611", "name": "Census Tract 216.11"}, "geometry": {"type": "Polygon", "coordinates": [[[-89.689124, 35.046233], [-89.668627, 35.045572], [-89.667725, 35.074187], [-89.685368, 35.074581], [-89.686312, 35.052717], [-89.687282, 35.051095], [-89.688804, 35.049239], [-89.689124, 35.046233]]]}}, {"type": "Feature", "properties": {"GEOID": "47157021612", "name": "Census Tract 216.12"}, "geometry": {"type": "Polygon", "coordinates": [[[-89.668627, 35.045572], [-89.658443, 35.04529], [-89.658135, 35.047726], [-89.655399, 35.049047], [-89.654397, 35.057645], [-89.653943, 35.0625], [-89.654147, 35.064223], [-89.654896, 35.067619], [-89.65457, 35.069408], [-89.653906, 35.071248], [-89.653628, 35.074231], [-89.664679, 35.074519], [-89.667567, 35.074195], [-89.668484, 35.049238], [-89.668627, 35.045572]]]}}, {"type": "Feature", "properties": {"GEOID": "47157021613", "name": "Census Tract 216.13"}, "geometry": {"type": "Polygon", "coordinates": [[[-89.658443, 35.04529], [-89.642786, 35.04486], [-89.64096, 35.081512], [-89.642111, 35.080494], [-89.642813, 35.079959], [-89.644502, 35.080053], [-89.644941, 35.080332], [-89.64434, 35.081444], [-89.643524, 35.08194], [-89.643612, 35.082389], [-89.645247, 35.082698], [-89.645696, 35.081862], [-89.646156, 35.081117], [-89.646783, 35.081253], [-89.647633, 35.081749], [-89.651421, 35.081329], [-89.652156, 35.0773], [-89.653605, 35.074332], [-89.653874, 35.071665], [-89.654241, 35.07006], [-89.654906, 35.068217], [-89.654521, 35.065553], [-89.653884, 35.062767], [-89.654355, 35.058874], [-89.655032, 35.050931], [-89.655432, 35.048906], [-89.658267, 35.047574], [-89.658443, 35.04529]]]}}, {"type": "Feature", "properties": {"GEOID": "47157021620", "name": "Census Tract 216.20"}, "geometry": {"type": "Polygon", "coordinates": [[[-89.68913, 35.046052], [-89.688936, 35.020741], [-89.657638, 35.020853], [-89.657555, 35.021161], [-89.653034, 35.017552], [-89.643868, 35.012071], [-89.642786, 35.04486], [-89.68913, 35.046052]]]}}, {"type": "Feature", "properties": {"GEOID": "47157021710", "name": "Census Tract 217.10"}, "geometry": {"type": "Polygon", "coordinates": [[[-89.890992, 35.082145], [-89.879229, 35.074945], [-89.876743, 35.074419], [-89.875438, 35.074383], [-89.876077, 35.060997], [-89.865916, 35.060738], [-89.865978, 35.064574], [-89.866281, 35.067078], [-89.865655, 35.069075], [-89.862645, 35.073333], [-89.866115, 35.074609], [-89.86943, 35.07632], [-89.871055, 35.077054], [-89.872996, 35.07826], [-89.874214, 35.078514], [-89.875182, 35.079342], [-89.881463, 35.082553], [-89.884276, 35.083236], [-89.885586, 35.083204], [-89.886393, 35.083051], [-89.888741, 35.082844], [-89.890992, 35.082145]]]}}, {"type": "Feature", "properties": {"GEOID": "47157021721", "name": "Census Tract 217.21"}, "geometry": {"type": "Polygon", "coordinates": [[[-89.866037, 35.068311], [-89.866269, 35.065611], [-89.865835, 35.063171], [-89.865953, 35.054603], [-89.865551, 35.05432], [-89.864058, 35.049946], [-89.857456, 35.049782], [-89.856616, 35.068671], [-89.856253, 35.069554], [-89.857384, 35.069997], [-89.8568, 35.070907], [-89.858369, 35.071937], [-89.861122, 35.07289], [-89.862645, 35.073333], [-89.863194, 35.072557], [-89.866037, 35.068311]]]}}, {"type": "Feature", "properties": {"GEOID": "47157021724", "name": "Census Tract 217.24"}, "geometry": {"type": "Polygon", "coordinates": [[[-89.843952, 35.055516], [-89.844083, 35.051554], [-89.8438, 35.049511], [-89.822009, 35.048944], [-89.818909, 35.049745], [-89.824434, 35.053749], [-89.842788, 35.065146], [-89.843605, 35.065379], [-89.843952, 35.055516]]]}}, {"type": "Feature", "properties": {"GEOID": "47157021725", "name": "Census Tract 217.25"}, "geometry": {"type": "Polygon", "coordinates": [[[-89.857384, 35.069997], [-89.856253, 35.069554], [-89.856616, 35.068671], [-89.857072, 35.060155], [-89.854776, 35.060254], [-89.852608, 35.060476], [-89.849918, 35.060134], [-89.843701, 35.060163], [-89.843605, 35.065379], [-89.856068, 35.070306], [-89.8568, 35.070907], [-89.857384, 35.069997]]]}}, {"type": "Feature", "properties": {"GEOID": "47157021726", "name": "Census Tract 217.26"}, "geometry": {"type": "Polygon", "coordinates": [[[-89.857355, 35.049777], [-89.843906, 35.049513], [-89.843894, 35.050932], [-89.844124, 35.052527], [-89.843701, 35.060163], [-89.851389, 35.060255], [-89.853872, 35.06044], [-89.856663, 35.060139], [-89.857093, 35.060012], [-89.857222, 35.05765], [-89.857355, 35.049777]]]}}, {"type": "Feature", "properties": {"GEOID": "47157021731", "name": "Census Tract 217.31"}, "geometry": {"type": "Polygon", "coordinates": [[[-89.88621, 35.050539], [-89.886085, 35.047375], [-89.885769, 35.041007], [-89.88477, 35.037695], [-89.884739, 35.035096], [-89.866422, 35.034874], [-89.866387, 35.050053], [-89.868999, 35.050129], [-89.88621, 35.050539]]]}}, {"type": "Feature", "properties": {"GEOID": "47157021732", "name": "Census Tract 217.32"}, "geometry": {"type": "Polygon", "coordinates": [[[-89.866387, 35.050053], [-89.866422, 35.034874], [-89.847582, 35.034977], [-89.846956, 35.038822], [-89.845313, 35.041514], [-89.843452, 35.043734], [-89.843083, 35.04593], [-89.843729, 35.04889], [-89.843906, 35.049513], [-89.866387, 35.050053]]]}}, {"type": "Feature", "properties": {"GEOID": "47157021741", "name": "Census Tract 217.41"}, "geometry": {"type": "Polygon", "coordinates": [[[-89.875121, 35.034851], [-89.875017, 35.020348], [-89.848681, 35.020399], [-89.848394, 35.023456], [-89.848166, 35.029412], [-89.848044, 35.032489], [-89.847596, 35.034861], [-89.866618, 35.034874], [-89.875121, 35.034851]]]}}, {"type": "Feature", "properties": {"GEOID": "47157021744", "name": "Census Tract 217.44"}, "geometry": {"type": "Polygon", "coordinates": [[[-89.831249, 35.039859], [-89.831166, 35.023823], [-89.830873, 35.024131], [-89.82919, 35.025312], [-89.826182, 35.026183], [-89.824373, 35.027254], [-89.823927, 35.027244], [-89.823755, 35.027594], [-89.822251, 35.027956], [-89.820597, 35.029234], [-89.817077, 35.031144], [-89.816277, 35.031646], [-89.814147, 35.034233], [-89.814181, 35.037045], [-89.813606, 35.038045], [-89.813473, 35.038303], [-89.812925, 35.038929], [-89.813005, 35.040065], [-89.813842, 35.040674], [-89.814825, 35.041141], [-89.814348, 35.042488], [-89.81535, 35.044032], [-89.814602, 35.044823], [-89.812937, 35.04499], [-89.81234, 35.045446], [-89.811406, 35.045199], [-89.81084, 35.045551], [-89.811455, 35.045804], [-89.811359, 35.046184], [-89.814074, 35.047462], [-89.817865, 35.0491], [-89.819034, 35.0497], [-89.822009, 35.048944], [-89.829915, 35.049177], [-89.831249, 35.039859]]]}}, {"type": "Feature", "properties": {"GEOID": "47157021745", "name": "Census Tract 217.45"}, "geometry": {"type": "Polygon", "coordinates": [[[-89.831166, 35.023823], [-89.831162, 35.020389], [-89.81551, 35.020424], [-89.795996, 35.020469], [-89.796077, 35.023596], [-89.795737, 35.026503], [-89.796047, 35.03978], [-89.811359, 35.046184], [-89.811455, 35.045804], [-89.81084, 35.045551], [-89.811406, 35.045199], [-89.81234, 35.045446], [-89.813373, 35.044893], [-89.814602, 35.044823], [-89.81535, 35.044032], [-89.814575, 35.042851], [-89.814348, 35.042488], [-89.814825, 35.041141], [-89.813247, 35.040295], [-89.812979, 35.039456], [-89.813025, 35.038759], [-89.813606, 35.038045], [-89.813533, 35.03788], [-89.814181, 35.037045], [-89.814147, 35.034233], [-89.816828, 35.031218], [-89.819589, 35.029883], [-89.822033, 35.02829], [-89.822633, 35.027775], [-89.823824, 35.027452], [-89.824207, 35.027241], [-89.825368, 35.02667], [-89.827167, 35.025856], [-89.829604, 35.025169], [-89.831166, 35.023823]]]}}, {"type": "Feature", "properties": {"GEOID": "47157021746", "name": "Census Tract 217.46"}, "geometry": {"type": "Polygon", "coordinates": [[[-89.847582, 35.034977], [-89.839843, 35.034982], [-89.83987, 35.027643], [-89.831223, 35.027679], [-89.831141, 35.041398], [-89.829915, 35.049177], [-89.8438, 35.049511], [-89.843384, 35.047032], [-89.84308, 35.045019], [-89.843821, 35.043097], [-89.846373, 35.040071], [-89.8473, 35.037453], [-89.847582, 35.034977]]]}}, {"type": "Feature", "properties": {"GEOID": "47157021747", "name": "Census Tract 217.47"}, "geometry": {"type": "Polygon", "coordinates": [[[-89.848689, 35.02094], [-89.848681, 35.020399], [-89.831244, 35.02039], [-89.831223, 35.027679], [-89.83987, 35.027643], [-89.839843, 35.034982], [-89.847596, 35.034861], [-89.848165, 35.030724], [-89.848262, 35.023732], [-89.848689, 35.02094]]]}}, {"type": "Feature", "properties": {"GEOID": "47157021751", "name": "Census Tract 217.51"}, "geometry": {"type": "Polygon", "coordinates": [[[-89.831162, 35.020389], [-89.831129, 35.015898], [-89.8309, 35.00586], [-89.795506, 35.005924], [-89.795719, 35.018065], [-89.795996, 35.020469], [-89.831162, 35.020389]]]}}, {"type": "Feature", "properties": {"GEOID": "47157021752", "name": "Census Tract 217.52"}, "geometry": {"type": "Polygon", "coordinates": [[[-89.8309, 35.00586], [-89.83059, 34.994497], [-89.795357, 34.994564], [-89.795506, 35.005924], [-89.822644, 35.005844], [-89.8309, 35.00586]]]}}, {"type": "Feature", "properties": {"GEOID": "47157021753", "name": "Census Tract 217.53"}, "geometry": {"type": "Polygon", "coordinates": [[[-89.848578, 35.005821], [-89.848385, 34.994409], [-89.83069, 34.994498], [-89.8309, 35.00586], [-89.84188, 35.005786], [-89.848578, 35.005821]]]}}, {"type": "Feature", "properties": {"GEOID": "47157021754", "name": "Census Tract 217.54"}, "geometry": {"type": "Polygon", "coordinates": [[[-89.848682, 35.020333], [-89.848578, 35.005821], [-89.8309, 35.00586], [-89.831244, 35.02039], [-89.835558, 35.020382], [-89.848682, 35.020333]]]}}, {"type": "Feature", "properties": {"GEOID": "47157021900", "name": "Census Tract 219"}, "geometry": {"type": "Polygon", "coordinates": [[[-89.989905, 34.995186], [-89.936754, 34.994947], [-89.936979, 35.027973], [-89.954729, 35.027972], [-89.954586, 35.020813], [-89.984971, 35.021011], [-89.98982, 35.021048], [-89.989905, 34.995186]]]}}, {"type": "Feature", "properties": {"GEOID": "47157022022", "name": "Census Tract 220.22"}, "geometry": {"type": "Polygon", "coordinates": [[[-90.019352, 35.061331], [-90.016792, 35.059301], [-90.003617, 35.039671], [-90.002583, 35.036442], [-90.002481, 35.035578], [-90.001949, 35.035578], [-89.989822, 35.035582], [-89.989902, 35.053272], [-89.991311, 35.053438], [-89.991441, 35.060575], [-90.019352, 35.061331]]]}}, {"type": "Feature", "properties": {"GEOID": "47157022023", "name": "Census Tract 220.23"}, "geometry": {"type": "Polygon", "coordinates": [[[-90.024974, 35.051294], [-90.022136, 35.051088], [-90.021388, 35.050341], [-90.021423, 35.048124], [-90.020572, 35.047633], [-90.016527, 35.047737], [-90.013739, 35.047705], [-90.011224, 35.04793], [-90.009409, 35.047353], [-90.007792, 35.045083], [-90.007613, 35.045072], [-90.007546, 35.045655], [-90.016792, 35.059301], [-90.019352, 35.061331], [-90.023388, 35.061692], [-90.024811, 35.055907], [-90.024974, 35.051294]]]}}, {"type": "Feature", "properties": {"GEOID": "47157022024", "name": "Census Tract 220.24"}, "geometry": {"type": "Polygon", "coordinates": [[[-90.025149, 35.035504], [-90.002526, 35.035578], [-90.002583, 35.036442], [-90.003617, 35.039671], [-90.007546, 35.045655], [-90.007613, 35.045072], [-90.008035, 35.045295], [-90.009757, 35.04757], [-90.011478, 35.047948], [-90.015984, 35.04767], [-90.018216, 35.047789], [-90.020572, 35.047633], [-90.021423, 35.048124], [-90.021484, 35.050598], [-90.022636, 35.051229], [-90.024974, 35.051294], [-90.025149, 35.035504]]]}}, {"type": "Feature", "properties": {"GEOID": "47157022111", "name": "Census Tract 221.11"}, "geometry": {"type": "Polygon", "coordinates": [[[-90.041852, 35.035316], [-90.038902, 35.020979], [-90.012471, 35.020912], [-90.012391, 35.024161], [-90.012084, 35.024958], [-90.012072, 35.028448], [-90.01186, 35.034373], [-90.011385, 35.034787], [-90.011378, 35.035562], [-90.026266, 35.035378], [-90.041852, 35.035316]]]}}, {"type": "Feature", "properties": {"GEOID": "47157022112", "name": "Census Tract 221.12"}, "geometry": {"type": "Polygon", "coordinates": [[[-90.012561, 35.023797], [-90.012471, 35.020912], [-90.000147, 35.020994], [-89.98982, 35.021048], [-89.989822, 35.035582], [-90.011378, 35.035562], [-90.011499, 35.034586], [-90.012035, 35.033966], [-90.012142, 35.024436], [-90.012561, 35.023797]]]}}, {"type": "Feature", "properties": {"GEOID": "47157022121", "name": "Census Tract 221.21"}, "geometry": {"type": "Polygon", "coordinates": [[[-90.038902, 35.020979], [-90.036962, 35.011358], [-90.035231, 35.006369], [-90.01032, 35.006427], [-90.007662, 35.006465], [-90.007585, 35.020951], [-90.038902, 35.020979]]]}}, {"type": "Feature", "properties": {"GEOID": "47157022122", "name": "Census Tract 221.22"}, "geometry": {"type": "Polygon", "coordinates": [[[-90.007662, 35.006465], [-89.989987, 35.006478], [-89.98982, 35.021048], [-90.007528, 35.020951], [-90.007582, 35.015216], [-90.007662, 35.006465]]]}}, {"type": "Feature", "properties": {"GEOID": "47157022130", "name": "Census Tract 221.30"}, "geometry": {"type": "Polygon", "coordinates": [[[-90.035231, 35.006369], [-90.031329, 34.994861], [-90.001733, 34.995006], [-89.989905, 34.995186], [-89.989879, 35.006404], [-90.035231, 35.006369]]]}}, {"type": "Feature", "properties": {"GEOID": "47157022210", "name": "Census Tract 222.10"}, "geometry": {"type": "Polygon", "coordinates": [[[-90.137647, 34.994714], [-90.127607, 34.994684], [-90.107941, 35.004545], [-90.109289, 35.005059], [-90.112296, 35.005336], [-90.114917, 35.005372], [-90.1162, 35.007114], [-90.117652, 35.008017], [-90.119263, 35.007991], [-90.119661, 35.007814], [-90.119201, 35.007242], [-90.119444, 35.006552], [-90.120373, 35.006664], [-90.120685, 35.006892], [-90.120727, 35.007599], [-90.121933, 35.007594], [-90.122099, 35.006457], [-90.123273, 35.006431], [-90.123127, 35.007592], [-90.126752, 35.007699], [-90.126344, 35.009552], [-90.124715, 35.011434], [-90.124354, 35.011692], [-90.121625, 35.009699], [-90.120969, 35.009084], [-90.118383, 35.01094], [-90.118671, 35.012015], [-90.118606, 35.015927], [-90.117819, 35.017093], [-90.117211, 35.020537], [-90.096479, 35.020576], [-90.096687, 35.024906], [-90.099285, 35.030802], [-90.099874, 35.032974], [-90.09855, 35.036406], [-90.096873, 35.038378], [-90.096575, 35.043293], [-90.09657, 35.054406], [-90.094699, 35.056917], [-90.093373, 35.058737], [-90.092844, 35.061679], [-90.095276, 35.063149], [-90.095724, 35.064467], [-90.095304, 35.064994], [-90.095825, 35.065208], [-90.095805, 35.066104], [-90.096342, 35.067057], [-90.099926, 35.066813], [-90.123024, 35.069197], [-90.126181, 35.06873], [-90.129237, 35.0673], [-90.130271, 35.066437], [-90.132225, 35.063625], [-90.132605, 35.0609], [-90.132011, 35.058574], [-90.129951, 35.052986], [-90.129965, 35.046524], [-90.130607, 35.042013], [-90.129951, 35.036941], [-90.130107, 35.026843], [-90.131225, 35.022421], [-90.134342, 35.01356], [-90.135108, 35.011632], [-90.135527, 35.004735], [-90.1367, 34.997041], [-90.137647, 34.994714]]]}}, {"type": "Feature", "properties": {"GEOID": "47157022220", "name": "Census Tract 222.20"}, "geometry": {"type": "Polygon", "coordinates": [[[-90.096342, 35.067057], [-90.095778, 35.065779], [-90.095825, 35.065208], [-90.095304, 35.064994], [-90.095724, 35.064467], [-90.095002, 35.062858], [-90.092844, 35.061679], [-90.09357, 35.058261], [-90.095313, 35.056203], [-90.060112, 35.055263], [-90.057977, 35.074095], [-90.057254, 35.079285], [-90.060414, 35.08015], [-90.063046, 35.080063], [-90.062863, 35.075674], [-90.074094, 35.076287], [-90.075899, 35.076477], [-90.076873, 35.077351], [-90.078223, 35.079728], [-90.078633, 35.080012], [-90.087309, 35.070682], [-90.089587, 35.069353], [-90.0941, 35.067752], [-90.096342, 35.067057]]]}}, {"type": "Feature", "properties": {"GEOID": "47157022310", "name": "Census Tract 223.10"}, "geometry": {"type": "Polygon", "coordinates": [[[-90.098886, 35.035921], [-90.095444, 35.035766], [-90.093506, 35.035111], [-90.073313, 35.035393], [-90.069863, 35.03875], [-90.065561, 35.043434], [-90.0625, 35.048306], [-90.060485, 35.053657], [-90.060122, 35.055213], [-90.095313, 35.056203], [-90.09657, 35.054406], [-90.096748, 35.038735], [-90.097359, 35.037606], [-90.098886, 35.035921]]]}}, {"type": "Feature", "properties": {"GEOID": "47157022321", "name": "Census Tract 223.21"}, "geometry": {"type": "Polygon", "coordinates": [[[-90.073221, 35.035397], [-90.061111, 35.035412], [-90.058301, 35.034663], [-90.044578, 35.034873], [-90.041852, 35.035316], [-90.043761, 35.044577], [-90.047518, 35.054918], [-90.060122, 35.055213], [-90.061687, 35.050093], [-90.064255, 35.045268], [-90.067878, 35.040744], [-90.073221, 35.035397]]]}}, {"type": "Feature", "properties": {"GEOID": "47157022322", "name": "Census Tract 223.22"}, "geometry": {"type": "Polygon", "coordinates": [[[-90.070036, 35.035488], [-90.069891, 35.027946], [-90.068243, 35.023916], [-90.068228, 35.020894], [-90.038975, 35.020979], [-90.041852, 35.035316], [-90.04638, 35.034724], [-90.059161, 35.034776], [-90.061744, 35.035519], [-90.070036, 35.035488]]]}}, {"type": "Feature", "properties": {"GEOID": "47157022330", "name": "Census Tract 223.30"}, "geometry": {"type": "Polygon", "coordinates": [[[-90.099867, 35.032728], [-90.098104, 35.02785], [-90.096563, 35.024409], [-90.096479, 35.020576], [-90.072126, 35.020935], [-90.068228, 35.020894], [-90.068458, 35.02486], [-90.069891, 35.027946], [-90.070036, 35.035488], [-90.093867, 35.03515], [-90.096224, 35.035911], [-90.098951, 35.035783], [-90.099867, 35.032728]]]}}, {"type": "Feature", "properties": {"GEOID": "47157022410", "name": "Census Tract 224.10"}, "geometry": {"type": "Polygon", "coordinates": [[[-90.127607, 34.994684], [-90.060784, 34.994854], [-90.060808, 34.999127], [-90.067178, 34.999229], [-90.06827, 35.00039], [-90.069088, 35.002487], [-90.068141, 35.006865], [-90.068231, 35.020784], [-90.069758, 35.020883], [-90.090762, 35.020714], [-90.117211, 35.020537], [-90.117969, 35.016752], [-90.118634, 35.015773], [-90.118518, 35.011062], [-90.118383, 35.01094], [-90.120969, 35.009084], [-90.122613, 35.010518], [-90.124354, 35.011692], [-90.125543, 35.010574], [-90.126616, 35.009003], [-90.126752, 35.007699], [-90.123127, 35.007592], [-90.123134, 35.006335], [-90.122099, 35.006457], [-90.121933, 35.007594], [-90.120727, 35.007599], [-90.120685, 35.006892], [-90.119802, 35.00651], [-90.119444, 35.006552], [-90.119201, 35.007242], [-90.119661, 35.007814], [-90.118279, 35.008114], [-90.116627, 35.007502], [-90.11531, 35.006141], [-90.114917, 35.005372], [-90.11039, 35.005284], [-90.108595, 35.004838], [-90.107941, 35.004545], [-90.127607, 34.994684]]]}}, {"type": "Feature", "properties": {"GEOID": "47157022500", "name": "Census Tract 225"}, "geometry": {"type": "Polygon", "coordinates": [[[-90.060112, 35.055263], [-90.047518, 35.054918], [-90.043479, 35.043376], [-90.041852, 35.035316], [-90.025695, 35.035466], [-90.025149, 35.035504], [-90.024925, 35.055], [-90.023609, 35.061454], [-90.023388, 35.061692], [-90.016284, 35.061257], [-89.991441, 35.060575], [-89.991006, 35.063117], [-89.986896, 35.069763], [-89.985712, 35.076188], [-89.990841, 35.07621], [-90.01921, 35.071303], [-90.022727, 35.071574], [-90.042253, 35.075931], [-90.048792, 35.077724], [-90.054891, 35.078442], [-90.057254, 35.079285], [-90.059154, 35.063551], [-90.060112, 35.055263]]]}}, {"type": "Feature", "properties": {"GEOID": "47157022600", "name": "Census Tract 226"}, "geometry": {"type": "Polygon", "coordinates": [[[-89.936995, 35.033072], [-89.936754, 34.994947], [-89.851062, 34.994211], [-89.848385, 34.994409], [-89.848682, 35.020333], [-89.875017, 35.020348], [-89.875121, 35.034851], [-89.884739, 35.035096], [-89.885018, 35.039012], [-89.885993, 35.042301], [-89.886255, 35.048451], [-89.886306, 35.050201], [-89.88621, 35.050539], [-89.93392, 35.05187], [-89.933299, 35.047559], [-89.933443, 35.045114], [-89.934514, 35.04347], [-89.936401, 35.041545], [-89.936817, 35.039523], [-89.936605, 35.03582], [-89.936995, 35.033072]]]}}, {"type": "Feature", "properties": {"GEOID": "47157022700", "name": "Census Tract 227"}, "geometry": {"type": "Polygon", "coordinates": [[[-90.068226, 35.005925], [-90.069078, 35.00206], [-90.067714, 34.999668], [-90.066748, 34.999097], [-90.060808, 34.999127], [-90.060784, 34.994854], [-90.031329, 34.994861], [-90.03726, 35.012507], [-90.038975, 35.020979], [-90.059289, 35.020924], [-90.068231, 35.020784], [-90.068226, 35.005925]]]}}, {"type": "Feature", "properties": {"GEOID": "47157980100", "name": "Census Tract 9801"}, "geometry": {"type": "Polygon", "coordinates": [[[-89.99135, 35.061979], [-89.991294, 35.054728], [-89.9913, 35.053303], [-89.989798, 35.053137], [-89.98982, 35.021048], [-89.963647, 35.020845], [-89.963984, 35.052614], [-89.955439, 35.052334], [-89.951673, 35.052244], [-89.950856, 35.055381], [-89.95009, 35.05793], [-89.950312, 35.059681], [-89.953851, 35.064445], [-89.954073, 35.066642], [-89.954207, 35.068744], [-89.94482, 35.068575], [-89.944455, 35.068717], [-89.949245, 35.074904], [-89.951154, 35.076578], [-89.948818, 35.076998], [-89.931599, 35.076416], [-89.931322, 35.079865], [-89.94776, 35.082136], [-89.950827, 35.081706], [-89.955512, 35.080213], [-89.955955, 35.080586], [-89.963185, 35.077986], [-89.977549, 35.07653], [-89.985355, 35.077025], [-89.986979, 35.070135], [-89.986896, 35.069763], [-89.990251, 35.064426], [-89.99135, 35.061979]]]}}, {"type": "Feature", "properties": {"GEOID": "47157980200", "name": "Census Tract 9802"}, "geometry": {"type": "Polygon", "coordinates": [[[-90.188626, 35.07573], [-90.180718, 35.075913], [-90.178105, 35.076167], [-90.164483, 35.083927], [-90.156504, 35.085015], [-90.153136, 35.084669], [-90.14957, 35.083914], [-90.146531, 35.082897], [-90.140516, 35.07999], [-90.134282, 35.077306], [-90.123795, 35.074456], [-90.107436, 35.072428], [-90.10041, 35.076321], [-90.095063, 35.081136], [-90.091396, 35.085179], [-90.084873, 35.096026], [-90.083599, 35.108114], [-90.075777, 35.108037], [-90.074518, 35.112837], [-90.071892, 35.116951], [-90.076803, 35.119444], [-90.077264, 35.120445], [-90.076611, 35.122858], [-90.07396, 35.126084], [-90.076094, 35.127706], [-90.08384, 35.121428], [-90.08671, 35.119779], [-90.09061, 35.118287], [-90.096515, 35.117131], [-90.100593, 35.116691], [-90.109393, 35.118891], [-90.132865, 35.130673], [-90.139024, 35.133995], [-90.142794, 35.135091], [-90.144691, 35.134984], [-90.148683, 35.133275], [-90.155994, 35.130991], [-90.160058, 35.12883], [-90.166639, 35.124167], [-90.173737, 35.117885], [-90.174594, 35.116682], [-90.176843, 35.112088], [-90.181387, 35.091401], [-90.188626, 35.07573]]]}}, {"type": "Feature", "properties": {"GEOID": "47157980300", "name": "Census Tract 9803"}, "geometry": {"type": "Polygon", "coordinates": [[[-90.310298, 35.004295], [-90.309425, 34.996612], [-90.309289, 34.995694], [-90.263601, 34.995509], [-90.211173, 34.995304], [-90.137647, 34.994714], [-90.136441, 34.998071], [-90.135194, 35.008604], [-90.134937, 35.012364], [-90.131974, 35.019992], [-90.130435, 35.024985], [-90.130004, 35.029899], [-90.130108, 35.039033], [-90.130678, 35.042527], [-90.129908, 35.047342], [-90.130079, 35.053723], [-90.132514, 35.06017], [-90.132399, 35.063009], [-90.131904, 35.064287], [-90.129664, 35.06702], [-90.126622, 35.068604], [-90.123717, 35.069178], [-90.117215, 35.068628], [-90.098737, 35.066776], [-90.095882, 35.067152], [-90.088584, 35.069841], [-90.086764, 35.071155], [-90.078633, 35.080012], [-90.081142, 35.081298], [-90.083927, 35.081621], [-90.086901, 35.082782], [-90.089238, 35.083373], [-90.091235, 35.084171], [-90.091692, 35.084691], [-90.095476, 35.080701], [-90.100756, 35.076014], [-90.107436, 35.072428], [-90.123795, 35.074456], [-90.134282, 35.077306], [-90.140516, 35.07999], [-90.146531, 35.082897], [-90.14957, 35.083914], [-90.154818, 35.084916], [-90.156504, 35.085015], [-90.164483, 35.083927], [-90.178105, 35.076167], [-90.184961, 35.075738], [-90.188626, 35.07573], [-90.195873, 35.060208], [-90.19706, 35.053407], [-90.197221, 35.048381], [-90.19695, 35.044174], [-90.195817, 35.037788], [-90.200334, 35.032666], [-90.209397, 35.026546], [-90.213235, 35.025855], [-90.216258, 35.026049], [-90.224884, 35.029984], [-90.23061, 35.03132], [-90.238518, 35.032591], [-90.250295, 35.033494], [-90.25649, 35.034494], [-90.262392, 35.036394], [-90.263392, 35.037494], [-90.263793, 35.039594], [-90.265293, 35.040294], [-90.284386, 35.041434], [-90.287795, 35.041793], [-90.291996, 35.041793], [-90.295596, 35.040093], [-90.297296, 35.037893], [-90.29972, 35.031209], [-90.301363, 35.027624], [-90.306897, 35.018194], [-90.309872, 35.009749], [-90.310298, 35.004295]]]}}, {"type": "Feature", "properties": {"GEOID": "47157980400", "name": "Census Tract 9804"}, "geometry": {"type": "Polygon", "coordinates": [[[-89.878534, 35.150417], [-89.878176, 35.149139], [-89.873075, 35.144574], [-89.872412, 35.143706], [-89.865294, 35.140052], [-89.860623, 35.137159], [-89.855095, 35.132807], [-89.852882, 35.131037], [-89.848346, 35.12628], [-89.846123, 35.123828], [-89.8446, 35.122289], [-89.84379, 35.121255], [-89.840749, 35.120686], [-89.836167, 35.121389], [-89.827537, 35.119669], [-89.822817, 35.118791], [-89.820172, 35.11831], [-89.807744, 35.116159], [-89.805051, 35.116546], [-89.802944, 35.117313], [-89.800972, 35.116909], [-89.796042, 35.135357], [-89.802385, 35.13627], [-89.80285, 35.136804], [-89.803246, 35.137991], [-89.812457, 35.142995], [-89.815826, 35.145342], [-89.817827, 35.147819], [-89.824938, 35.149032], [-89.850108, 35.153927], [-89.854749, 35.153924], [-89.878534, 35.150417]]]}}]}